{"num_path": 20, "num_node": 119, "novel_1gram": 59, "novel_2gram": 72, "novel_3gram": 76, "degree": 0.9915966386554622, "ratio_10": 0.0, "ratio_20": 0.0, "ratio_40": 1.0, "ratio_1000": 0.0, "oracle_20_SELF_BLEU": 96.26497833957066, "oracle_20_r1": 0.433805990296211, "oracle_20_r2": 0.1727854975545529, "oracle_20_rl": 0.33124704806375216, "oracle_1_SELF_BLEU": 0, "oracle_1_r1": 0.4, "oracle_1_r2": 0.18604651162790697, "oracle_1_rl": 0.3555555555555555, "sample_SELF_BLEU": 100.00000000000004, "sample_r1": 0.4333900086213949, "sample_r2": 0.17299166872563598, "sample_rl": 0.3316243765221167, "buck_40_SELF_BLEU": 100.00000000000004, "buck_40_r1": 0.4333900086213949, "buck_40_r2": 0.17299166872563598, "buck_40_rl": 0.3316243765221167, "buck_10_SELF_BLEU": 0, "buck_20_SELF_BLEU": 0, "buck_1000_SELF_BLEU": 0, "rand_walk_self_bleu": 97.5015015796078, "rand_walk_self_edit": 18.333333333333332, "file": "sum_xsum_bs_16_35_False_0.4_False_False_4_5_zip_-1_0.0_0.9_39005107_Media-play"}