{"num_path": 20, "num_node": 127, "novel_1gram": 37, "novel_2gram": 57, "novel_3gram": 70, "degree": 0.9921259842519685, "ratio_10": 0.0, "ratio_20": 0.265, "ratio_40": 0.735, "ratio_1000": 0.0, "oracle_20_SELF_BLEU": 95.53153719204968, "oracle_20_r1": 0.32009835619591714, "oracle_20_r2": 0.12112061870575802, "oracle_20_rl": 0.23947330136354525, "oracle_1_SELF_BLEU": 0, "oracle_1_r1": 0.3243243243243243, "oracle_1_r2": 0.17142857142857143, "oracle_1_rl": 0.2162162162162162, "sample_SELF_BLEU": 100.00000000000004, "sample_r1": 0.3230132006168591, "sample_r2": 0.12481400336199097, "sample_rl": 0.24180005903786392, "buck_40_SELF_BLEU": 100.00000000000004, "buck_40_r1": 0.32285420734898085, "buck_40_r2": 0.1285929406230158, "buck_40_rl": 0.2550856615316546, "buck_20_SELF_BLEU": 100.00000000000004, "buck_20_r1": 0.32345418194474795, "buck_20_r2": 0.11433280001537494, "buck_20_rl": 0.20495131249848228, "buck_10_SELF_BLEU": 0, "buck_1000_SELF_BLEU": 0, "rand_walk_self_bleu": 92.47225809800959, "rand_walk_self_edit": 41.46666666666667, "file": "sum_xsum_bs_16_35_False_0.4_False_False_4_5_zip_-1_0.0_0.9_32318906_Media-play"}