{"num_path": 20, "num_node": 161, "novel_1gram": 44, "novel_2gram": 72, "novel_3gram": 89, "degree": 0.9937888198757764, "ratio_10": 0.0, "ratio_20": 0.34, "ratio_40": 0.66, "ratio_1000": 0.0, "oracle_20_SELF_BLEU": 90.09348790411448, "oracle_20_r1": 0.5754980340132143, "oracle_20_r2": 0.2368674143992717, "oracle_20_rl": 0.48888509142659997, "oracle_1_SELF_BLEU": 0, "oracle_1_r1": 0.6285714285714286, "oracle_1_r2": 0.3636363636363636, "oracle_1_rl": 0.5142857142857142, "sample_SELF_BLEU": 100.00000000000004, "sample_r1": 0.5784875541125541, "sample_r2": 0.2414617845975482, "sample_rl": 0.4907648337194115, "buck_20_SELF_BLEU": 100.00000000000004, "buck_20_r1": 0.5810049019607844, "buck_20_r2": 0.23894040374770598, "buck_20_rl": 0.4949932795698925, "buck_40_SELF_BLEU": 100.00000000000004, "buck_40_r1": 0.577190738554375, "buck_40_r2": 0.24276067776261842, "buck_40_rl": 0.4885865434328001, "buck_10_SELF_BLEU": 0, "buck_1000_SELF_BLEU": 0, "rand_walk_self_bleu": 70.66653503734338, "rand_walk_self_edit": 36.666666666666664, "file": "sum_xsum_bs_16_35_False_0.4_False_False_4_5_zip_-1_0.0_0.9_37480369_The-Irish-"}