{"num_path": 20, "num_node": 203, "novel_1gram": 42, "novel_2gram": 53, "novel_3gram": 61, "degree": 0.9950738916256158, "ratio_10": 0.0, "ratio_20": 0.0, "ratio_40": 1.0, "ratio_1000": 0.0, "oracle_20_SELF_BLEU": 98.53918094478695, "oracle_20_r1": 0.4657724527566725, "oracle_20_r2": 0.1485005617492006, "oracle_20_rl": 0.40658581726086107, "oracle_1_SELF_BLEU": 0, "oracle_1_r1": 0.4745762711864407, "oracle_1_r2": 0.1754385964912281, "oracle_1_rl": 0.4067796610169491, "sample_SELF_BLEU": 100.00000000000004, "sample_r1": 0.46609546074420416, "sample_r2": 0.14882853685938985, "sample_rl": 0.4080749074615235, "buck_40_SELF_BLEU": 100.00000000000004, "buck_40_r1": 0.46609546074420416, "buck_40_r2": 0.14882853685938985, "buck_40_rl": 0.4080749074615235, "buck_10_SELF_BLEU": 0, "buck_20_SELF_BLEU": 0, "buck_1000_SELF_BLEU": 0, "rand_walk_self_bleu": 98.37523299931318, "rand_walk_self_edit": 18.666666666666668, "file": "sum_xsum_bs_16_35_False_0.4_False_False_4_5_zip_-1_0.0_0.9_38704934_The-Robins"}