{"num_path": 20, "num_node": 191, "novel_1gram": 73, "novel_2gram": 103, "novel_3gram": 113, "degree": 0.9947643979057592, "ratio_10": 0.0, "ratio_20": 0.0, "ratio_40": 1.0, "ratio_1000": 0.0, "oracle_20_SELF_BLEU": 92.76778271759287, "oracle_20_r1": 0.6323453672583446, "oracle_20_r2": 0.35573594320385077, "oracle_20_rl": 0.4446244026770641, "oracle_1_SELF_BLEU": 0, "oracle_1_r1": 0.7027027027027027, "oracle_1_r2": 0.6285714285714286, "oracle_1_rl": 0.6486486486486486, "sample_SELF_BLEU": 100.00000000000004, "sample_r1": 0.6303879046545554, "sample_r2": 0.32015947036133174, "sample_rl": 0.4218605102614118, "buck_40_SELF_BLEU": 100.00000000000004, "buck_40_r1": 0.6303879046545554, "buck_40_r2": 0.32015947036133174, "buck_40_rl": 0.4218605102614118, "buck_10_SELF_BLEU": 0, "buck_20_SELF_BLEU": 0, "buck_1000_SELF_BLEU": 0, "rand_walk_self_bleu": 72.02459329613967, "rand_walk_self_edit": 65.73333333333333, "file": "sum_xsum_bs_16_35_False_0.4_False_False_4_5_zip_-1_0.0_0.9_30275513_Seven-of-h"}