{"num_path": 20, "num_node": 148, "novel_1gram": 50, "novel_2gram": 71, "novel_3gram": 85, "degree": 0.9932432432432432, "ratio_10": 0.0, "ratio_20": 0.195, "ratio_40": 0.805, "ratio_1000": 0.0, "oracle_20_SELF_BLEU": 96.10776503283012, "oracle_20_r1": 0.35395370133742227, "oracle_20_r2": 0.12632376921208757, "oracle_20_rl": 0.2530784138342278, "oracle_1_SELF_BLEU": 0, "oracle_1_r1": 0.4, "oracle_1_r2": 0.2105263157894737, "oracle_1_rl": 0.3, "sample_SELF_BLEU": 100.00000000000004, "sample_r1": 0.3496466266291848, "sample_r2": 0.12048391909239149, "sample_rl": 0.24919390493227703, "buck_40_SELF_BLEU": 100.00000000000004, "buck_40_r1": 0.35080326289339725, "buck_40_r2": 0.12319022312882892, "buck_40_rl": 0.2502408756922696, "buck_20_SELF_BLEU": 100.00000000000004, "buck_20_r1": 0.34487179487179487, "buck_20_r2": 0.10931174089068826, "buck_20_rl": 0.24487179487179486, "buck_10_SELF_BLEU": 0, "buck_1000_SELF_BLEU": 0, "rand_walk_self_bleu": 76.74358434114365, "rand_walk_self_edit": 59.733333333333334, "file": "sum_xsum_bs_16_35_False_0.4_False_False_4_5_zip_-1_0.0_0.9_37328868_The-38-yea"}