{"num_path": 20, "num_node": 331, "novel_1gram": 37, "novel_2gram": 50, "novel_3gram": 57, "degree": 0.9969788519637462, "ratio_10": 0.0, "ratio_20": 0.0, "ratio_40": 1.0, "ratio_1000": 0.0, "oracle_20_SELF_BLEU": 97.52162451201544, "oracle_20_r1": 0.48328591749644384, "oracle_20_r2": 0.17023809523809524, "oracle_20_rl": 0.37588904694167846, "oracle_1_SELF_BLEU": 0, "oracle_1_r1": 0.4864864864864865, "oracle_1_r2": 0.17142857142857143, "oracle_1_rl": 0.37837837837837834, "sample_SELF_BLEU": 100.00000000000004, "sample_r1": 0.48322190611664295, "sample_r2": 0.1702142857142857, "sample_rl": 0.3758392603129445, "buck_40_SELF_BLEU": 100.00000000000004, "buck_40_r1": 0.48322190611664295, "buck_40_r2": 0.1702142857142857, "buck_40_rl": 0.3758392603129445, "buck_10_SELF_BLEU": 0, "buck_20_SELF_BLEU": 0, "buck_1000_SELF_BLEU": 0, "rand_walk_self_bleu": 84.99451317259502, "rand_walk_self_edit": 13.666666666666666, "file": "sum_xsum_bs_16_35_False_0.4_False_False_4_5_zip_-1_0.0_0.9_36518750_The-46-yea"}