{"num_path": 20, "num_node": 162, "novel_1gram": 51, "novel_2gram": 72, "novel_3gram": 79, "degree": 0.9938271604938271, "ratio_10": 0.0, "ratio_20": 0.0, "ratio_40": 1.0, "ratio_1000": 0.0, "oracle_20_SELF_BLEU": 95.4940682115827, "oracle_20_r1": 0.3636811185862419, "oracle_20_r2": 0.06547798649746076, "oracle_20_rl": 0.26394922387332254, "oracle_1_SELF_BLEU": 0, "oracle_1_r1": 0.3333333333333333, "oracle_1_r2": 0.07142857142857144, "oracle_1_rl": 0.26666666666666666, "sample_SELF_BLEU": 100.00000000000004, "sample_r1": 0.3658777816111782, "sample_r2": 0.0654991836202577, "sample_rl": 0.26250424549096274, "buck_40_SELF_BLEU": 100.00000000000004, "buck_40_r1": 0.3658777816111782, "buck_40_r2": 0.0654991836202577, "buck_40_rl": 0.26250424549096274, "buck_10_SELF_BLEU": 0, "buck_20_SELF_BLEU": 0, "buck_1000_SELF_BLEU": 0, "rand_walk_self_bleu": 84.72627303708299, "rand_walk_self_edit": 55.53333333333333, "file": "sum_xsum_bs_16_35_False_0.4_False_False_4_5_zip_-1_0.0_0.9_36397500_The-member"}