{"num_path": 20, "num_node": 176, "novel_1gram": 31, "novel_2gram": 41, "novel_3gram": 49, "degree": 0.9943181818181818, "ratio_10": 0.0, "ratio_20": 0.035, "ratio_40": 0.965, "ratio_1000": 0.0, "oracle_20_SELF_BLEU": 98.01547873112112, "oracle_20_r1": 0.580867065759071, "oracle_20_r2": 0.4105624442594918, "oracle_20_rl": 0.547329363151601, "oracle_1_SELF_BLEU": 0, "oracle_1_r1": 0.65, "oracle_1_r2": 0.47368421052631576, "oracle_1_rl": 0.55, "sample_SELF_BLEU": 100.00000000000004, "sample_r1": 0.5817780822783509, "sample_r2": 0.41206527732715154, "sample_rl": 0.5472046653851667, "buck_40_SELF_BLEU": 100.00000000000004, "buck_40_r1": 0.5818807506565948, "buck_40_r2": 0.4108909033902549, "buck_40_rl": 0.546053375637751, "buck_20_SELF_BLEU": 100.00000000000004, "buck_20_r1": 0.5789473684210527, "buck_20_r2": 0.4444444444444444, "buck_20_rl": 0.5789473684210527, "buck_10_SELF_BLEU": 0, "buck_1000_SELF_BLEU": 0, "rand_walk_self_bleu": 86.75130332332243, "rand_walk_self_edit": 27.666666666666668, "file": "sum_xsum_bs_16_35_False_0.4_False_False_4_5_zip_-1_0.0_0.9_30792462_The-White-"}