{"num_path": 20, "num_node": 189, "novel_1gram": 41, "novel_2gram": 59, "novel_3gram": 71, "degree": 0.9947089947089947, "ratio_10": 0.0, "ratio_20": 0.18, "ratio_40": 0.82, "ratio_1000": 0.0, "oracle_20_SELF_BLEU": 95.31151396589048, "oracle_20_r1": 0.41456136037432073, "oracle_20_r2": 0.21858924247444173, "oracle_20_rl": 0.35533830889227497, "oracle_1_SELF_BLEU": 0, "oracle_1_r1": 0.4827586206896552, "oracle_1_r2": 0.2962962962962963, "oracle_1_rl": 0.41379310344827586, "sample_SELF_BLEU": 100.00000000000004, "sample_r1": 0.4126840989159234, "sample_r2": 0.21844936557223085, "sample_rl": 0.3537292276422201, "buck_40_SELF_BLEU": 100.00000000000004, "buck_40_r1": 0.39936244190756004, "buck_40_r2": 0.20271602847562029, "buck_40_rl": 0.3423106644921944, "buck_20_SELF_BLEU": 100.00000000000004, "buck_20_r1": 0.47337164750957855, "buck_20_r2": 0.29012345679012347, "buck_20_rl": 0.4057471264367817, "buck_10_SELF_BLEU": 0, "buck_1000_SELF_BLEU": 0, "rand_walk_self_bleu": 81.32840236559635, "rand_walk_self_edit": 27.866666666666667, "file": "sum_xsum_bs_16_35_False_0.4_False_False_4_5_zip_-1_0.0_0.9_40141033_Armed-offi"}