{"num_path": 20, "num_node": 209, "novel_1gram": 39, "novel_2gram": 55, "novel_3gram": 68, "degree": 0.9952153110047847, "ratio_10": 0.0, "ratio_20": 0.13, "ratio_40": 0.87, "ratio_1000": 0.0, "oracle_20_SELF_BLEU": 94.2246430149655, "oracle_20_r1": 0.5430264880207413, "oracle_20_r2": 0.2802798038484816, "oracle_20_rl": 0.5403949090733728, "oracle_1_SELF_BLEU": 0, "oracle_1_r1": 0.6, "oracle_1_r2": 0.3684210526315789, "oracle_1_rl": 0.6, "sample_SELF_BLEU": 100.00000000000004, "sample_r1": 0.5405144686293595, "sample_r2": 0.27684921363547804, "sample_rl": 0.5365671002083069, "buck_20_SELF_BLEU": 100.00000000000004, "buck_20_r1": 0.5206062493511886, "buck_20_r2": 0.24255024255024252, "buck_20_rl": 0.4902418768815531, "buck_40_SELF_BLEU": 100.00000000000004, "buck_40_r1": 0.5434892600157529, "buck_40_r2": 0.2819743472459156, "buck_40_rl": 0.5434892600157529, "buck_10_SELF_BLEU": 0, "buck_1000_SELF_BLEU": 0, "rand_walk_self_bleu": 95.28805991401087, "rand_walk_self_edit": 3.3333333333333335, "file": "sum_xsum_bs_16_35_False_0.4_False_False_4_5_zip_-1_0.0_0.9_36918140_Members-of"}