{"num_path": 20, "num_node": 215, "novel_1gram": 39, "novel_2gram": 65, "novel_3gram": 80, "degree": 0.9953488372093023, "ratio_10": 0.0, "ratio_20": 0.0, "ratio_40": 1.0, "ratio_1000": 0.0, "oracle_20_SELF_BLEU": 96.70322780731037, "oracle_20_r1": 0.27823500010902896, "oracle_20_r2": 0.04853349754542349, "oracle_20_rl": 0.19365079585073244, "oracle_1_SELF_BLEU": 0, "oracle_1_r1": 0.32727272727272727, "oracle_1_r2": 0.15094339622641512, "oracle_1_rl": 0.2545454545454545, "sample_SELF_BLEU": 100.00000000000004, "sample_r1": 0.2788348693943866, "sample_r2": 0.049340129510865666, "sample_rl": 0.19522483668226495, "buck_40_SELF_BLEU": 100.00000000000004, "buck_40_r1": 0.2788348693943866, "buck_40_r2": 0.049340129510865666, "buck_40_rl": 0.19522483668226495, "buck_10_SELF_BLEU": 0, "buck_20_SELF_BLEU": 0, "buck_1000_SELF_BLEU": 0, "rand_walk_self_bleu": 99.42771475667759, "rand_walk_self_edit": 27.266666666666666, "file": "sum_xsum_bs_16_35_False_0.4_False_False_4_5_zip_-1_0.0_0.9_36598609_Almost-1.7"}