{"num_path": 20, "num_node": 144, "novel_1gram": 51, "novel_2gram": 69, "novel_3gram": 77, "degree": 0.9930555555555556, "ratio_10": 0.0, "ratio_20": 0.0, "ratio_40": 1.0, "ratio_1000": 0.0, "oracle_20_SELF_BLEU": 97.25059730022903, "oracle_20_r1": 0.2637246963562753, "oracle_20_r2": 0.06019463736182003, "oracle_20_rl": 0.15228407557354925, "oracle_1_SELF_BLEU": 0, "oracle_1_r1": 0.31578947368421056, "oracle_1_r2": 0.11111111111111112, "oracle_1_rl": 0.15789473684210528, "sample_SELF_BLEU": 100.00000000000004, "sample_r1": 0.2635743364822312, "sample_r2": 0.060365101944049315, "sample_rl": 0.15084131803868644, "buck_40_SELF_BLEU": 100.00000000000004, "buck_40_r1": 0.2635743364822312, "buck_40_r2": 0.060365101944049315, "buck_40_rl": 0.15084131803868644, "buck_10_SELF_BLEU": 0, "buck_20_SELF_BLEU": 0, "buck_1000_SELF_BLEU": 0, "rand_walk_self_bleu": 91.43347253511992, "rand_walk_self_edit": 31.333333333333332, "file": "sum_xsum_bs_16_35_False_0.4_False_False_4_5_zip_-1_0.0_0.9_40470133_Police,-fi"}