{"num_path": 20, "num_node": 214, "novel_1gram": 32, "novel_2gram": 52, "novel_3gram": 62, "degree": 0.9953271028037384, "ratio_10": 0.0, "ratio_20": 0.225, "ratio_40": 0.775, "ratio_1000": 0.0, "oracle_20_SELF_BLEU": 98.15649919278076, "oracle_20_r1": 0.7532735521899608, "oracle_20_r2": 0.42381477591036415, "oracle_20_rl": 0.579074043083331, "oracle_1_SELF_BLEU": 0, "oracle_1_r1": 0.8108108108108109, "oracle_1_r2": 0.6285714285714287, "oracle_1_rl": 0.7567567567567567, "sample_SELF_BLEU": 100.00000000000004, "sample_r1": 0.7537144265008042, "sample_r2": 0.42531769374416434, "sample_rl": 0.5794788441692466, "buck_40_SELF_BLEU": 100.00000000000004, "buck_40_r1": 0.7670108138698971, "buck_40_r2": 0.4456660943947472, "buck_40_rl": 0.5831352574985851, "buck_20_SELF_BLEU": 100.00000000000004, "buck_20_r1": 0.7079157588961511, "buck_20_r2": 0.35522875816993466, "buck_20_rl": 0.566884531590414, "buck_10_SELF_BLEU": 0, "buck_1000_SELF_BLEU": 0, "rand_walk_self_bleu": 89.24854867050902, "rand_walk_self_edit": 25.733333333333334, "file": "sum_xsum_bs_16_35_False_0.4_False_False_4_5_zip_-1_0.0_0.9_35625097_The-UK-wil"}