{"num_path": 20, "num_node": 186, "novel_1gram": 43, "novel_2gram": 66, "novel_3gram": 82, "degree": 0.9946236559139785, "ratio_10": 0.0, "ratio_20": 0.0, "ratio_40": 1.0, "ratio_1000": 0.0, "oracle_20_SELF_BLEU": 97.13269231494904, "oracle_20_r1": 0.3868112341936169, "oracle_20_r2": 0.15180125852452456, "oracle_20_rl": 0.2818518495026257, "oracle_1_SELF_BLEU": 0, "oracle_1_r1": 0.4186046511627907, "oracle_1_r2": 0.1951219512195122, "oracle_1_rl": 0.32558139534883723, "sample_SELF_BLEU": 100.00000000000004, "sample_r1": 0.3872864541632162, "sample_r2": 0.15284045631103335, "sample_rl": 0.2822025380330858, "buck_40_SELF_BLEU": 100.00000000000004, "buck_40_r1": 0.3872864541632162, "buck_40_r2": 0.15284045631103335, "buck_40_rl": 0.2822025380330858, "buck_10_SELF_BLEU": 0, "buck_20_SELF_BLEU": 0, "buck_1000_SELF_BLEU": 0, "rand_walk_self_bleu": 88.42600292815672, "rand_walk_self_edit": 50.6, "file": "sum_xsum_bs_16_35_False_0.4_False_False_4_5_zip_-1_0.0_0.9_24209153_She-bought"}