{"num_path": 20, "num_node": 201, "novel_1gram": 49, "novel_2gram": 62, "novel_3gram": 71, "degree": 0.9950248756218906, "ratio_10": 0.0, "ratio_20": 0.505, "ratio_40": 0.495, "ratio_1000": 0.0, "oracle_20_SELF_BLEU": 93.75772305339063, "oracle_20_r1": 0.27897094955918483, "oracle_20_r2": 0.04153225806451613, "oracle_20_rl": 0.27897094955918483, "oracle_1_SELF_BLEU": 0, "oracle_1_r1": 0.30303030303030304, "oracle_1_r2": 0.06451612903225806, "oracle_1_rl": 0.30303030303030304, "sample_SELF_BLEU": 100.00000000000004, "sample_r1": 0.27361275714216887, "sample_r2": 0.037056451612903225, "sample_rl": 0.27361275714216887, "buck_40_SELF_BLEU": 100.00000000000004, "buck_40_r1": 0.2454914807855984, "buck_40_r2": 0.00946969696969697, "buck_40_rl": 0.2454914807855984, "buck_20_SELF_BLEU": 100.00000000000004, "buck_20_r1": 0.30117717654118353, "buck_20_r2": 0.06409693388693707, "buck_20_rl": 0.30117717654118353, "buck_10_SELF_BLEU": 0, "buck_1000_SELF_BLEU": 0, "rand_walk_self_bleu": 72.0103757368163, "rand_walk_self_edit": 18.066666666666666, "file": "sum_xsum_bs_16_35_False_0.4_False_False_4_5_zip_-1_0.0_0.9_34784906_The-Russia"}