{"num_path": 20, "num_node": 192, "novel_1gram": 36, "novel_2gram": 48, "novel_3gram": 55, "degree": 0.9947916666666666, "ratio_10": 0.0, "ratio_20": 0.0, "ratio_40": 1.0, "ratio_1000": 0.0, "oracle_20_SELF_BLEU": 96.63032375167278, "oracle_20_r1": 0.5872945687324587, "oracle_20_r2": 0.2814674350040204, "oracle_20_rl": 0.49411993281817446, "oracle_1_SELF_BLEU": 0, "oracle_1_r1": 0.6666666666666666, "oracle_1_r2": 0.4, "oracle_1_rl": 0.5714285714285713, "sample_SELF_BLEU": 100.00000000000004, "sample_r1": 0.5886014529051965, "sample_r2": 0.2830956401322255, "sample_rl": 0.49535871436183404, "buck_40_SELF_BLEU": 100.00000000000004, "buck_40_r1": 0.5886014529051965, "buck_40_r2": 0.2830956401322255, "buck_40_rl": 0.49535871436183404, "buck_10_SELF_BLEU": 0, "buck_20_SELF_BLEU": 0, "buck_1000_SELF_BLEU": 0, "rand_walk_self_bleu": 94.69426564162683, "rand_walk_self_edit": 4.4, "file": "sum_xsum_bs_16_35_False_0.4_False_False_4_5_zip_-1_0.0_0.9_35027395_Both-men-w"}