{"num_path": 20, "num_node": 102, "novel_1gram": 21, "novel_2gram": 30, "novel_3gram": 39, "degree": 0.9901960784313726, "ratio_10": 0.0, "ratio_20": 1.0, "ratio_40": 0.0, "ratio_1000": 0.0, "oracle_20_SELF_BLEU": 91.92132904501793, "oracle_20_r1": 0.5640336134453782, "oracle_20_r2": 0.22272727272727275, "oracle_20_rl": 0.5231932773109244, "oracle_1_SELF_BLEU": 0, "oracle_1_r1": 0.5294117647058824, "oracle_1_r2": 0.25000000000000006, "oracle_1_rl": 0.4705882352941176, "sample_SELF_BLEU": 100.00000000000004, "sample_r1": 0.5621176470588235, "sample_r2": 0.21727272727272728, "sample_rl": 0.5196806722689076, "buck_20_SELF_BLEU": 100.00000000000004, "buck_20_r1": 0.5621176470588235, "buck_20_r2": 0.21727272727272728, "buck_20_rl": 0.5196806722689076, "buck_10_SELF_BLEU": 0, "buck_40_SELF_BLEU": 0, "buck_1000_SELF_BLEU": 0, "rand_walk_self_bleu": 76.41782482046999, "rand_walk_self_edit": 13.933333333333334, "file": "sum_xsum_bs_16_35_False_0.4_False_False_4_5_zip_-1_0.0_0.9_31030136_28-January"}