{"num_path": 20, "num_node": 133, "novel_1gram": 33, "novel_2gram": 50, "novel_3gram": 59, "degree": 0.9924812030075187, "ratio_10": 0.0, "ratio_20": 0.45, "ratio_40": 0.55, "ratio_1000": 0.0, "oracle_20_SELF_BLEU": 94.16529273738827, "oracle_20_r1": 0.6156287580755444, "oracle_20_r2": 0.5074948059647524, "oracle_20_rl": 0.6156287580755444, "oracle_1_SELF_BLEU": 0, "oracle_1_r1": 0.761904761904762, "oracle_1_r2": 0.65, "oracle_1_rl": 0.761904761904762, "sample_SELF_BLEU": 100.00000000000004, "sample_r1": 0.6144369460147291, "sample_r2": 0.5044788715426034, "sample_rl": 0.6144369460147291, "buck_20_SELF_BLEU": 100.00000000000004, "buck_20_r1": 0.5641353904511799, "buck_20_r2": 0.48021977159232065, "buck_20_rl": 0.5641353904511799, "buck_40_SELF_BLEU": 100.00000000000004, "buck_40_r1": 0.6555927642030875, "buck_40_r2": 0.5243272260473801, "buck_40_rl": 0.6555927642030875, "buck_10_SELF_BLEU": 0, "buck_1000_SELF_BLEU": 0, "rand_walk_self_bleu": 85.26905212202217, "rand_walk_self_edit": 20.933333333333334, "file": "sum_xsum_bs_16_35_False_0.4_False_False_4_5_zip_-1_0.0_0.9_26780897_The-Austra"}