{"num_path": 20, "num_node": 99, "novel_1gram": 54, "novel_2gram": 76, "novel_3gram": 84, "degree": 0.98989898989899, "ratio_10": 0.0, "ratio_20": 0.0, "ratio_40": 1.0, "ratio_1000": 0.0, "oracle_20_SELF_BLEU": 88.80586747815632, "oracle_20_r1": 0.21763092615683885, "oracle_20_r2": 0.046750007571051244, "oracle_20_rl": 0.1536908984615673, "oracle_1_SELF_BLEU": 0, "oracle_1_r1": 0.1904761904761905, "oracle_1_r2": 0.05, "oracle_1_rl": 0.14285714285714285, "sample_SELF_BLEU": 100.00000000000004, "sample_r1": 0.21591063168247301, "sample_r2": 0.0463096371706695, "sample_rl": 0.15068540092812407, "buck_40_SELF_BLEU": 100.00000000000004, "buck_40_r1": 0.21591063168247301, "buck_40_r2": 0.0463096371706695, "buck_40_rl": 0.15068540092812407, "buck_10_SELF_BLEU": 0, "buck_20_SELF_BLEU": 0, "buck_1000_SELF_BLEU": 0, "rand_walk_self_bleu": 84.16529111231866, "rand_walk_self_edit": 21.666666666666668, "file": "sum_xsum_bs_16_35_False_0.4_False_False_4_5_zip_-1_0.0_0.9_37439513_The-distri"}