{"num_path": 20, "num_node": 203, "novel_1gram": 42, "novel_2gram": 58, "novel_3gram": 70, "degree": 0.9950738916256158, "ratio_10": 0.0, "ratio_20": 0.125, "ratio_40": 0.875, "ratio_1000": 0.0, "oracle_20_SELF_BLEU": 97.44967863707166, "oracle_20_r1": 0.6267707294662254, "oracle_20_r2": 0.45412316589257473, "oracle_20_rl": 0.569316953266319, "oracle_1_SELF_BLEU": 0, "oracle_1_r1": 0.7096774193548386, "oracle_1_r2": 0.6206896551724138, "oracle_1_rl": 0.7096774193548386, "sample_SELF_BLEU": 100.00000000000004, "sample_r1": 0.6317366948998828, "sample_r2": 0.4574352364171812, "sample_rl": 0.5730771233424784, "buck_40_SELF_BLEU": 100.00000000000004, "buck_40_r1": 0.6253949324201425, "buck_40_r2": 0.4443594820137243, "buck_40_rl": 0.5583554220688232, "buck_20_SELF_BLEU": 100.00000000000004, "buck_20_r1": 0.6761290322580644, "buck_20_r2": 0.5489655172413793, "buck_20_rl": 0.6761290322580644, "buck_10_SELF_BLEU": 0, "buck_1000_SELF_BLEU": 0, "rand_walk_self_bleu": 98.23108581416517, "rand_walk_self_edit": 46.666666666666664, "file": "sum_xsum_bs_16_35_False_0.4_False_False_4_5_zip_-1_0.0_0.9_35899243_The-author"}