{"num_path": 20, "num_node": 245, "novel_1gram": 35, "novel_2gram": 57, "novel_3gram": 70, "degree": 0.9959183673469387, "ratio_10": 0.0, "ratio_20": 0.23, "ratio_40": 0.77, "ratio_1000": 0.0, "oracle_20_SELF_BLEU": 96.26784251747324, "oracle_20_r1": 0.6332018436506976, "oracle_20_r2": 0.3255421287401265, "oracle_20_rl": 0.5747929140554353, "oracle_1_SELF_BLEU": 0, "oracle_1_r1": 0.6842105263157895, "oracle_1_r2": 0.5, "oracle_1_rl": 0.6842105263157895, "sample_SELF_BLEU": 100.00000000000004, "sample_r1": 0.6303275906810499, "sample_r2": 0.3262519444357107, "sample_rl": 0.5737481988429569, "buck_40_SELF_BLEU": 100.00000000000004, "buck_40_r1": 0.6409631924669519, "buck_40_r2": 0.3352779679364859, "buck_40_rl": 0.5873408659122945, "buck_20_SELF_BLEU": 100.00000000000004, "buck_20_r1": 0.5947214455717261, "buck_20_r2": 0.29603438749833294, "buck_20_rl": 0.5282423134369137, "buck_10_SELF_BLEU": 0, "buck_1000_SELF_BLEU": 0, "rand_walk_self_bleu": 75.82294081701275, "rand_walk_self_edit": 31.666666666666668, "file": "sum_xsum_bs_16_35_False_0.4_False_False_4_5_zip_-1_0.0_0.9_40594126_The-Juno-s"}