{"num_path": 20, "num_node": 163, "novel_1gram": 61, "novel_2gram": 92, "novel_3gram": 107, "degree": 0.9938650306748467, "ratio_10": 0.0, "ratio_20": 0.0, "ratio_40": 1.0, "ratio_1000": 0.0, "oracle_20_SELF_BLEU": 94.156000826659, "oracle_20_r1": 0.2813753996962682, "oracle_20_r2": 0.07813574133975298, "oracle_20_rl": 0.2050075252440326, "oracle_1_SELF_BLEU": 0, "oracle_1_r1": 0.1904761904761905, "oracle_1_r2": 0.09999999999999999, "oracle_1_rl": 0.1904761904761905, "sample_SELF_BLEU": 100.00000000000004, "sample_r1": 0.27954009427921933, "sample_r2": 0.07645096311824273, "sample_rl": 0.20197362860769374, "buck_40_SELF_BLEU": 100.00000000000004, "buck_40_r1": 0.27954009427921933, "buck_40_r2": 0.07645096311824273, "buck_40_rl": 0.20197362860769374, "buck_10_SELF_BLEU": 0, "buck_20_SELF_BLEU": 0, "buck_1000_SELF_BLEU": 0, "rand_walk_self_bleu": 85.30112878516294, "rand_walk_self_edit": 50.93333333333333, "file": "sum_xsum_bs_16_35_False_0.4_False_False_4_5_zip_-1_0.0_0.9_28872944_Researcher"}