{"num_path": 20, "num_node": 191, "novel_1gram": 33, "novel_2gram": 41, "novel_3gram": 45, "degree": 0.9947643979057592, "ratio_10": 0.0, "ratio_20": 0.0, "ratio_40": 1.0, "ratio_1000": 0.0, "oracle_20_SELF_BLEU": 99.1497073981952, "oracle_20_r1": 0.751684452498406, "oracle_20_r2": 0.4977194581746482, "oracle_20_rl": 0.7151503406154569, "oracle_1_SELF_BLEU": 0, "oracle_1_r1": 0.8444444444444444, "oracle_1_r2": 0.6511627906976744, "oracle_1_rl": 0.7999999999999999, "sample_SELF_BLEU": 100.00000000000004, "sample_r1": 0.7516059263733682, "sample_r2": 0.4960669786349026, "sample_rl": 0.713432581630256, "buck_40_SELF_BLEU": 100.00000000000004, "buck_40_r1": 0.7516059263733682, "buck_40_r2": 0.4960669786349026, "buck_40_rl": 0.713432581630256, "buck_10_SELF_BLEU": 0, "buck_20_SELF_BLEU": 0, "buck_1000_SELF_BLEU": 0, "rand_walk_self_bleu": 97.2792675151068, "rand_walk_self_edit": 12.666666666666666, "file": "sum_xsum_bs_16_35_False_0.4_False_False_4_5_zip_-1_0.0_0.9_38841897_Helen-Ross"}