{"num_path": 20, "num_node": 132, "novel_1gram": 41, "novel_2gram": 63, "novel_3gram": 70, "degree": 0.9924242424242424, "ratio_10": 0.0, "ratio_20": 0.075, "ratio_40": 0.925, "ratio_1000": 0.0, "oracle_20_SELF_BLEU": 93.26107430034327, "oracle_20_r1": 0.22345341284700554, "oracle_20_r2": 0.07719050974864929, "oracle_20_rl": 0.18630365439289925, "oracle_1_SELF_BLEU": 0, "oracle_1_r1": 0.21052631578947367, "oracle_1_r2": 0.1111111111111111, "oracle_1_rl": 0.21052631578947367, "sample_SELF_BLEU": 100.00000000000004, "sample_r1": 0.22539992603379333, "sample_r2": 0.07717809322460485, "sample_rl": 0.18937577144442133, "buck_40_SELF_BLEU": 100.00000000000004, "buck_40_r1": 0.2266058944319814, "buck_40_r2": 0.07442676745002326, "buck_40_rl": 0.18766086244347113, "buck_20_SELF_BLEU": 100.00000000000004, "buck_20_r1": 0.21052631578947367, "buck_20_r2": 0.1111111111111111, "buck_20_rl": 0.21052631578947367, "buck_10_SELF_BLEU": 0, "buck_1000_SELF_BLEU": 0, "rand_walk_self_bleu": 98.47758268444385, "rand_walk_self_edit": 35.53333333333333, "file": "sum_xsum_bs_16_35_False_0.4_False_False_4_5_zip_-1_0.0_0.9_34709664_It-seemed-"}