{"num_path": 20, "num_node": 164, "novel_1gram": 50, "novel_2gram": 64, "novel_3gram": 68, "degree": 0.9939024390243902, "ratio_10": 0.0, "ratio_20": 0.105, "ratio_40": 0.895, "ratio_1000": 0.0, "oracle_20_SELF_BLEU": 99.43272508896416, "oracle_20_r1": 0.47115430365430366, "oracle_20_r2": 0.17235012737409622, "oracle_20_rl": 0.4029965628649839, "oracle_1_SELF_BLEU": 0, "oracle_1_r1": 0.5945945945945946, "oracle_1_r2": 0.34285714285714286, "oracle_1_rl": 0.5405405405405405, "sample_SELF_BLEU": 100.00000000000004, "sample_r1": 0.4803148011305906, "sample_r2": 0.18360377065370573, "sample_rl": 0.4131931887458203, "buck_40_SELF_BLEU": 100.00000000000004, "buck_40_r1": 0.479782916448603, "buck_40_r2": 0.19000601514740953, "buck_40_rl": 0.41189690972107906, "buck_20_SELF_BLEU": 100.00000000000004, "buck_20_r1": 0.4848484848484849, "buck_20_r2": 0.12903225806451613, "buck_20_rl": 0.4242424242424242, "buck_10_SELF_BLEU": 0, "buck_1000_SELF_BLEU": 0, "rand_walk_self_bleu": 82.91638644036327, "rand_walk_self_edit": 48.53333333333333, "file": "sum_xsum_bs_16_35_False_0.4_False_False_4_5_zip_-1_0.0_0.9_35953521_The-81-yea"}