{"num_path": 20, "num_node": 186, "novel_1gram": 43, "novel_2gram": 58, "novel_3gram": 66, "degree": 0.9946236559139785, "ratio_10": 0.0, "ratio_20": 0.0, "ratio_40": 1.0, "ratio_1000": 0.0, "oracle_20_SELF_BLEU": 97.50004999404952, "oracle_20_r1": 0.6207381407536207, "oracle_20_r2": 0.3210076718793512, "oracle_20_rl": 0.6207381407536207, "oracle_1_SELF_BLEU": 0, "oracle_1_r1": 0.6857142857142857, "oracle_1_r2": 0.42424242424242425, "oracle_1_rl": 0.6857142857142857, "sample_SELF_BLEU": 100.00000000000004, "sample_r1": 0.6212064162791717, "sample_r2": 0.3220504345895712, "sample_rl": 0.6212064162791717, "buck_40_SELF_BLEU": 100.00000000000004, "buck_40_r1": 0.6212064162791717, "buck_40_r2": 0.3220504345895712, "buck_40_rl": 0.6212064162791717, "buck_10_SELF_BLEU": 0, "buck_20_SELF_BLEU": 0, "buck_1000_SELF_BLEU": 0, "rand_walk_self_bleu": 97.09954330759902, "rand_walk_self_edit": 20.4, "file": "sum_xsum_bs_16_35_False_0.4_False_False_4_5_zip_-1_0.0_0.9_39789892_Amarjeet-S"}