{"num_path": 20, "num_node": 173, "novel_1gram": 44, "novel_2gram": 55, "novel_3gram": 65, "degree": 0.9942196531791907, "ratio_10": 0.0, "ratio_20": 0.13, "ratio_40": 0.87, "ratio_1000": 0.0, "oracle_20_SELF_BLEU": 95.12236486086209, "oracle_20_r1": 0.41006627229537446, "oracle_20_r2": 0.11965321074666425, "oracle_20_rl": 0.33100260406761955, "oracle_1_SELF_BLEU": 0, "oracle_1_r1": 0.37837837837837834, "oracle_1_r2": 0.17142857142857143, "oracle_1_rl": 0.3243243243243243, "sample_SELF_BLEU": 100.00000000000004, "sample_r1": 0.4076469003481387, "sample_r2": 0.11881584892021324, "sample_rl": 0.32513083728254005, "buck_40_SELF_BLEU": 100.00000000000004, "buck_40_r1": 0.4149607865578827, "buck_40_r2": 0.12275829872178756, "buck_40_rl": 0.34285737643269404, "buck_20_SELF_BLEU": 100.00000000000004, "buck_20_r1": 0.35870012340600577, "buck_20_r2": 0.09243176178660051, "buck_20_rl": 0.2064993829699712, "buck_10_SELF_BLEU": 0, "buck_1000_SELF_BLEU": 0, "rand_walk_self_bleu": 83.50384609834622, "rand_walk_self_edit": 35.333333333333336, "file": "sum_xsum_bs_16_35_False_0.4_False_False_4_5_zip_-1_0.0_0.9_39640064_The-Ports-"}