{"num_path": 20, "num_node": 157, "novel_1gram": 37, "novel_2gram": 51, "novel_3gram": 54, "degree": 0.9936305732484076, "ratio_10": 0.0, "ratio_20": 0.93, "ratio_40": 0.07, "ratio_1000": 0.0, "oracle_20_SELF_BLEU": 95.76039490255958, "oracle_20_r1": 0.30919256443206966, "oracle_20_r2": 0.0, "oracle_20_rl": 0.15228696366102662, "oracle_1_SELF_BLEU": 0, "oracle_1_r1": 0.34782608695652173, "oracle_1_r2": 0.0, "oracle_1_rl": 0.17391304347826086, "sample_SELF_BLEU": 100.00000000000004, "sample_r1": 0.31212607446276863, "sample_r2": 0.0, "sample_rl": 0.1533962268865567, "buck_20_SELF_BLEU": 100.00000000000004, "buck_20_r1": 0.3120979295298587, "buck_20_r2": 0.0, "buck_20_rl": 0.15553357729737283, "buck_40_SELF_BLEU": 100.00000000000004, "buck_40_r1": 0.3125, "buck_40_r2": 0.0, "buck_40_rl": 0.125, "buck_10_SELF_BLEU": 0, "buck_1000_SELF_BLEU": 0, "rand_walk_self_bleu": 71.6797000369829, "rand_walk_self_edit": 36.733333333333334, "file": "sum_xsum_bs_16_35_False_0.4_False_False_4_5_zip_-1_0.0_0.9_37662690_The-news-c"}