{"num_path": 20, "num_node": 151, "novel_1gram": 30, "novel_2gram": 42, "novel_3gram": 52, "degree": 0.9933774834437086, "ratio_10": 0.0, "ratio_20": 0.405, "ratio_40": 0.595, "ratio_1000": 0.0, "oracle_20_SELF_BLEU": 96.71225969250814, "oracle_20_r1": 0.4477718360071301, "oracle_20_r2": 0.18422675521821633, "oracle_20_rl": 0.4477718360071301, "oracle_1_SELF_BLEU": 0, "oracle_1_r1": 0.606060606060606, "oracle_1_r2": 0.3870967741935484, "oracle_1_rl": 0.606060606060606, "sample_SELF_BLEU": 100.00000000000004, "sample_r1": 0.4470647653000594, "sample_r2": 0.18249051233396585, "sample_rl": 0.4470647653000594, "buck_40_SELF_BLEU": 100.00000000000004, "buck_40_r1": 0.388422035480859, "buck_40_r2": 0.0954028670291646, "buck_40_rl": 0.388422035480859, "buck_20_SELF_BLEU": 100.00000000000004, "buck_20_r1": 0.5332188992319711, "buck_20_r2": 0.3104340900039825, "buck_20_rl": 0.5332188992319711, "buck_10_SELF_BLEU": 0, "buck_1000_SELF_BLEU": 0, "rand_walk_self_bleu": 96.6720053397417, "rand_walk_self_edit": 5.866666666666666, "file": "sum_xsum_bs_16_35_False_0.4_False_False_4_5_zip_-1_0.0_0.9_34589891_The-power-"}