{"num_path": 20, "num_node": 162, "novel_1gram": 39, "novel_2gram": 58, "novel_3gram": 70, "degree": 0.9938271604938271, "ratio_10": 0.0, "ratio_20": 0.0, "ratio_40": 1.0, "ratio_1000": 0.0, "oracle_20_SELF_BLEU": 96.9600223642809, "oracle_20_r1": 0.5244617389655751, "oracle_20_r2": 0.27157602809399983, "oracle_20_rl": 0.45970824970175655, "oracle_1_SELF_BLEU": 0, "oracle_1_r1": 0.6511627906976744, "oracle_1_r2": 0.4878048780487805, "oracle_1_rl": 0.6511627906976744, "sample_SELF_BLEU": 100.00000000000004, "sample_r1": 0.5285284976092064, "sample_r2": 0.28105142037394926, "sample_rl": 0.46749331338323635, "buck_40_SELF_BLEU": 100.00000000000004, "buck_40_r1": 0.5285284976092064, "buck_40_r2": 0.28105142037394926, "buck_40_rl": 0.46749331338323635, "buck_10_SELF_BLEU": 0, "buck_20_SELF_BLEU": 0, "buck_1000_SELF_BLEU": 0, "rand_walk_self_bleu": 87.62964248495103, "rand_walk_self_edit": 33.86666666666667, "file": "sum_xsum_bs_16_35_False_0.4_False_False_4_5_zip_-1_0.0_0.9_39801988_The-Anglo-"}