{"num_path": 20, "num_node": 136, "novel_1gram": 58, "novel_2gram": 92, "novel_3gram": 101, "degree": 0.9926470588235294, "ratio_10": 0.0, "ratio_20": 0.185, "ratio_40": 0.815, "ratio_1000": 0.0, "oracle_20_SELF_BLEU": 93.67002650944679, "oracle_20_r1": 0.23693234023144163, "oracle_20_r2": 0.028777826409405356, "oracle_20_rl": 0.1578748936130194, "oracle_1_SELF_BLEU": 0, "oracle_1_r1": 0.2631578947368421, "oracle_1_r2": 0.05555555555555555, "oracle_1_rl": 0.2631578947368421, "sample_SELF_BLEU": 100.00000000000004, "sample_r1": 0.24234689796724457, "sample_r2": 0.028682064655748865, "sample_rl": 0.16322070302397645, "buck_40_SELF_BLEU": 100.00000000000004, "buck_40_r1": 0.24117475372151417, "buck_40_r2": 0.02633109501046214, "buck_40_rl": 0.14408739796290296, "buck_20_SELF_BLEU": 100.00000000000004, "buck_20_r1": 0.24751066856330015, "buck_20_r2": 0.039039039039039033, "buck_20_rl": 0.24751066856330015, "buck_10_SELF_BLEU": 0, "buck_1000_SELF_BLEU": 0, "rand_walk_self_bleu": 76.90691281062931, "rand_walk_self_edit": 67.73333333333333, "file": "sum_xsum_bs_16_35_False_0.4_False_False_4_5_zip_-1_0.0_0.9_33359978_The-idea-w"}