{"num_path": 20, "num_node": 146, "novel_1gram": 29, "novel_2gram": 37, "novel_3gram": 43, "degree": 0.9931506849315068, "ratio_10": 0.0, "ratio_20": 0.42, "ratio_40": 0.58, "ratio_1000": 0.0, "oracle_20_SELF_BLEU": 99.14123876566556, "oracle_20_r1": 0.349685043638532, "oracle_20_r2": 0.11168874724715547, "oracle_20_rl": 0.349685043638532, "oracle_1_SELF_BLEU": 0, "oracle_1_r1": 0.41025641025641024, "oracle_1_r2": 0.21621621621621623, "oracle_1_rl": 0.41025641025641024, "sample_SELF_BLEU": 100.00000000000004, "sample_r1": 0.3490879817856562, "sample_r2": 0.11092041243517496, "sample_rl": 0.3490879817856562, "buck_20_SELF_BLEU": 100.00000000000004, "buck_20_r1": 0.3688644688644689, "buck_20_r2": 0.11938630359682992, "buck_20_rl": 0.3688644688644689, "buck_40_SELF_BLEU": 100.00000000000004, "buck_40_r1": 0.3347670773492746, "buck_40_r2": 0.10478993952501102, "buck_40_rl": 0.3347670773492746, "buck_10_SELF_BLEU": 0, "buck_1000_SELF_BLEU": 0, "rand_walk_self_bleu": 90.95462081238831, "rand_walk_self_edit": 21.2, "file": "sum_xsum_bs_16_35_False_0.4_False_False_4_5_zip_-1_0.0_0.9_36538967_The-24-yea"}