{"num_path": 20, "num_node": 177, "novel_1gram": 53, "novel_2gram": 72, "novel_3gram": 85, "degree": 0.9943502824858758, "ratio_10": 0.0, "ratio_20": 0.0, "ratio_40": 1.0, "ratio_1000": 0.0, "oracle_20_SELF_BLEU": 95.47840956980211, "oracle_20_r1": 0.49513305322128853, "oracle_20_r2": 0.12421485260770976, "oracle_20_rl": 0.25889506571859516, "oracle_1_SELF_BLEU": 0, "oracle_1_r1": 0.5357142857142857, "oracle_1_r2": 0.22222222222222224, "oracle_1_rl": 0.32142857142857145, "sample_SELF_BLEU": 100.00000000000004, "sample_r1": 0.49610789700495583, "sample_r2": 0.1262180650037793, "sample_rl": 0.25903479853479855, "buck_40_SELF_BLEU": 100.00000000000004, "buck_40_r1": 0.49610789700495583, "buck_40_r2": 0.1262180650037793, "buck_40_rl": 0.25903479853479855, "buck_10_SELF_BLEU": 0, "buck_20_SELF_BLEU": 0, "buck_1000_SELF_BLEU": 0, "rand_walk_self_bleu": 93.3704530137538, "rand_walk_self_edit": 64, "file": "sum_xsum_bs_16_35_False_0.4_False_False_4_5_zip_-1_0.0_0.9_37685083_Mladen-Gru"}