{"num_path": 20, "num_node": 166, "novel_1gram": 42, "novel_2gram": 67, "novel_3gram": 75, "degree": 0.9939759036144579, "ratio_10": 0.0, "ratio_20": 0.275, "ratio_40": 0.725, "ratio_1000": 0.0, "oracle_20_SELF_BLEU": 96.39652432585291, "oracle_20_r1": 0.26189861945207366, "oracle_20_r2": 0.03346080719038977, "oracle_20_rl": 0.2167701355406173, "oracle_1_SELF_BLEU": 0, "oracle_1_r1": 0.3103448275862069, "oracle_1_r2": 0.07142857142857142, "oracle_1_rl": 0.27586206896551724, "sample_SELF_BLEU": 100.00000000000004, "sample_r1": 0.2637801474997, "sample_r2": 0.03274392878748596, "sample_rl": 0.21786237619295187, "buck_40_SELF_BLEU": 100.00000000000004, "buck_40_r1": 0.29952641481026604, "buck_40_r2": 0.04516403970687718, "buck_40_rl": 0.2512414796830278, "buck_20_SELF_BLEU": 100.00000000000004, "buck_20_r1": 0.16953998822638972, "buck_20_r2": 0.0, "buck_20_rl": 0.12986292153729712, "buck_10_SELF_BLEU": 0, "buck_1000_SELF_BLEU": 0, "rand_walk_self_bleu": 86.53597283085796, "rand_walk_self_edit": 38.333333333333336, "file": "sum_xsum_bs_16_35_False_0.4_False_False_4_5_zip_-1_0.0_0.9_34276797_The-polls-"}