{"num_path": 20, "num_node": 132, "novel_1gram": 32, "novel_2gram": 41, "novel_3gram": 47, "degree": 0.9924242424242424, "ratio_10": 0.0, "ratio_20": 0.0, "ratio_40": 1.0, "ratio_1000": 0.0, "oracle_20_SELF_BLEU": 98.93865148849912, "oracle_20_r1": 0.5472222222222223, "oracle_20_r2": 0.4, "oracle_20_rl": 0.5472222222222223, "oracle_1_SELF_BLEU": 0, "oracle_1_r1": 0.6111111111111112, "oracle_1_r2": 0.5294117647058824, "oracle_1_rl": 0.6111111111111112, "sample_SELF_BLEU": 100.00000000000004, "sample_r1": 0.5438888888888889, "sample_r2": 0.3920588235294118, "sample_rl": 0.5438888888888889, "buck_40_SELF_BLEU": 100.00000000000004, "buck_40_r1": 0.5438888888888889, "buck_40_r2": 0.3920588235294118, "buck_40_rl": 0.5438888888888889, "buck_10_SELF_BLEU": 0, "buck_20_SELF_BLEU": 0, "buck_1000_SELF_BLEU": 0, "rand_walk_self_bleu": 93.78092795336329, "rand_walk_self_edit": 11.733333333333333, "file": "sum_xsum_bs_16_35_False_0.4_False_False_4_5_zip_-1_0.0_0.9_39134538_He-will-ai"}