{"num_path": 20, "num_node": 211, "novel_1gram": 41, "novel_2gram": 58, "novel_3gram": 71, "degree": 0.995260663507109, "ratio_10": 0.0, "ratio_20": 0.0, "ratio_40": 1.0, "ratio_1000": 0.0, "oracle_20_SELF_BLEU": 95.81879769280474, "oracle_20_r1": 0.4708332551458055, "oracle_20_r2": 0.2439977562731093, "oracle_20_rl": 0.4655700972510686, "oracle_1_SELF_BLEU": 0, "oracle_1_r1": 0.5853658536585366, "oracle_1_r2": 0.41025641025641024, "oracle_1_rl": 0.5853658536585366, "sample_SELF_BLEU": 100.00000000000004, "sample_r1": 0.4706674979422464, "sample_r2": 0.24863801663320276, "sample_rl": 0.46672012952119374, "buck_40_SELF_BLEU": 100.00000000000004, "buck_40_r1": 0.4706674979422464, "buck_40_r2": 0.24863801663320276, "buck_40_rl": 0.46672012952119374, "buck_10_SELF_BLEU": 0, "buck_20_SELF_BLEU": 0, "buck_1000_SELF_BLEU": 0, "rand_walk_self_bleu": 91.35236287766661, "rand_walk_self_edit": 18, "file": "sum_xsum_bs_16_35_False_0.4_False_False_4_5_zip_-1_0.0_0.9_18173273_Researcher"}