{"num_path": 20, "num_node": 167, "novel_1gram": 68, "novel_2gram": 90, "novel_3gram": 105, "degree": 0.9940119760479041, "ratio_10": 0.0, "ratio_20": 0.0, "ratio_40": 1.0, "ratio_1000": 0.0, "oracle_20_SELF_BLEU": 89.82182413157837, "oracle_20_r1": 0.1546176926054975, "oracle_20_r2": 0.010256410256410258, "oracle_20_rl": 0.07622241579558653, "oracle_1_SELF_BLEU": 0, "oracle_1_r1": 0.29268292682926833, "oracle_1_r2": 0.10256410256410257, "oracle_1_rl": 0.1951219512195122, "sample_SELF_BLEU": 100.00000000000004, "sample_r1": 0.15980245838172666, "sample_r2": 0.012564102564102566, "sample_rl": 0.08041144018583044, "buck_40_SELF_BLEU": 100.00000000000004, "buck_40_r1": 0.15980245838172666, "buck_40_r2": 0.012564102564102566, "buck_40_rl": 0.08041144018583044, "buck_10_SELF_BLEU": 0, "buck_20_SELF_BLEU": 0, "buck_1000_SELF_BLEU": 0, "rand_walk_self_bleu": 90.72215626971504, "rand_walk_self_edit": 16.2, "file": "sum_xsum_bs_16_35_False_0.4_False_False_4_5_zip_-1_0.0_0.9_32196037_On-5-April"}