{"num_path": 20, "num_node": 173, "novel_1gram": 37, "novel_2gram": 50, "novel_3gram": 58, "degree": 0.9942196531791907, "ratio_10": 0.0, "ratio_20": 0.45, "ratio_40": 0.55, "ratio_1000": 0.0, "oracle_20_SELF_BLEU": 95.35289122007099, "oracle_20_r1": 0.5852564102564103, "oracle_20_r2": 0.26621212121212123, "oracle_20_rl": 0.5852564102564103, "oracle_1_SELF_BLEU": 0, "oracle_1_r1": 0.6666666666666666, "oracle_1_r2": 0.4, "oracle_1_rl": 0.6666666666666666, "sample_SELF_BLEU": 100.00000000000004, "sample_r1": 0.5917592592592593, "sample_r2": 0.27285454545454546, "sample_rl": 0.5917592592592593, "buck_20_SELF_BLEU": 100.00000000000004, "buck_20_r1": 0.5977049699271922, "buck_20_r2": 0.2583434343434343, "buck_20_rl": 0.5977049699271922, "buck_40_SELF_BLEU": 100.00000000000004, "buck_40_r1": 0.586894586894587, "buck_40_r2": 0.2847272727272727, "buck_40_rl": 0.586894586894587, "buck_10_SELF_BLEU": 0, "buck_1000_SELF_BLEU": 0, "rand_walk_self_bleu": 89.37043683609122, "rand_walk_self_edit": 7.533333333333333, "file": "sum_xsum_bs_16_35_False_0.4_False_False_4_5_zip_-1_0.0_0.9_30250624_He-returne"}