{"num_path": 20, "num_node": 99, "novel_1gram": 49, "novel_2gram": 69, "novel_3gram": 76, "degree": 0.98989898989899, "ratio_10": 0.0, "ratio_20": 0.35, "ratio_40": 0.65, "ratio_1000": 0.0, "oracle_20_SELF_BLEU": 90.96113587129744, "oracle_20_r1": 0.35429730853417296, "oracle_20_r2": 0.1796825714812037, "oracle_20_rl": 0.22998844313929942, "oracle_1_SELF_BLEU": 0, "oracle_1_r1": 0.4489795918367347, "oracle_1_r2": 0.2978723404255319, "oracle_1_rl": 0.32653061224489793, "sample_SELF_BLEU": 100.00000000000004, "sample_r1": 0.35753433309280447, "sample_r2": 0.18181469054417382, "sample_rl": 0.23155741265267227, "buck_20_SELF_BLEU": 100.00000000000004, "buck_20_r1": 0.3484472049689441, "buck_20_r2": 0.18246753246753247, "buck_20_rl": 0.21801242236024845, "buck_40_SELF_BLEU": 100.00000000000004, "buck_40_r1": 0.36242740208257546, "buck_40_r2": 0.18146316027774995, "buck_40_rl": 0.23885086896397736, "buck_10_SELF_BLEU": 0, "buck_1000_SELF_BLEU": 0, "rand_walk_self_bleu": 85.67691294369695, "rand_walk_self_edit": 23.333333333333332, "file": "sum_xsum_bs_16_35_False_0.4_False_False_4_5_zip_-1_0.0_0.9_36678976_They-were-"}