{"num_path": 20, "num_node": 107, "novel_1gram": 34, "novel_2gram": 48, "novel_3gram": 61, "degree": 0.9906542056074766, "ratio_10": 0.0, "ratio_20": 0.0, "ratio_40": 1.0, "ratio_1000": 0.0, "oracle_20_SELF_BLEU": 98.90124970884224, "oracle_20_r1": 0.38304421768707486, "oracle_20_r2": 0.12613073212633805, "oracle_20_rl": 0.3227699079631853, "oracle_1_SELF_BLEU": 0, "oracle_1_r1": 0.41666666666666663, "oracle_1_r2": 0.13043478260869565, "oracle_1_rl": 0.33333333333333337, "sample_SELF_BLEU": 100.00000000000004, "sample_r1": 0.3812950680272109, "sample_r2": 0.12622779361513337, "sample_rl": 0.3230078431372549, "buck_40_SELF_BLEU": 100.00000000000004, "buck_40_r1": 0.3812950680272109, "buck_40_r2": 0.12622779361513337, "buck_40_rl": 0.3230078431372549, "buck_10_SELF_BLEU": 0, "buck_20_SELF_BLEU": 0, "buck_1000_SELF_BLEU": 0, "rand_walk_self_bleu": 92.81311469066787, "rand_walk_self_edit": 19.4, "file": "sum_xsum_bs_16_35_False_0.4_False_False_4_5_zip_-1_0.0_0.9_38722428_Shock-2015"}