{"num_path": 20, "num_node": 138, "novel_1gram": 33, "novel_2gram": 47, "novel_3gram": 53, "degree": 0.9927536231884058, "ratio_10": 0.0, "ratio_20": 0.92, "ratio_40": 0.08, "ratio_1000": 0.0, "oracle_20_SELF_BLEU": 98.16671730917416, "oracle_20_r1": 0.4207111571496836, "oracle_20_r2": 0.18889673236169344, "oracle_20_rl": 0.41748535069807075, "oracle_1_SELF_BLEU": 0, "oracle_1_r1": 0.5882352941176471, "oracle_1_r2": 0.375, "oracle_1_rl": 0.5882352941176471, "sample_SELF_BLEU": 100.00000000000004, "sample_r1": 0.4186207800138966, "sample_r2": 0.18839814299839328, "sample_rl": 0.41571755420744494, "buck_20_SELF_BLEU": 100.00000000000004, "buck_20_r1": 0.4038716918309617, "buck_20_r2": 0.1776066771721666, "buck_20_rl": 0.4007160116065578, "buck_40_SELF_BLEU": 100.00000000000004, "buck_40_r1": 0.5882352941176471, "buck_40_r2": 0.3125, "buck_40_rl": 0.5882352941176471, "buck_10_SELF_BLEU": 0, "buck_1000_SELF_BLEU": 0, "rand_walk_self_bleu": 89.80954618598187, "rand_walk_self_edit": 26.2, "file": "sum_xsum_bs_16_35_False_0.4_False_False_4_5_zip_-1_0.0_0.9_40962385_The-Welsh-"}