{"num_path": 20, "num_node": 164, "novel_1gram": 35, "novel_2gram": 48, "novel_3gram": 58, "degree": 0.9939024390243902, "ratio_10": 0.0, "ratio_20": 0.045, "ratio_40": 0.955, "ratio_1000": 0.0, "oracle_20_SELF_BLEU": 96.19969361932205, "oracle_20_r1": 0.4624138542250079, "oracle_20_r2": 0.17669604503983075, "oracle_20_rl": 0.398880678111516, "oracle_1_SELF_BLEU": 0, "oracle_1_r1": 0.43478260869565216, "oracle_1_r2": 0.1818181818181818, "oracle_1_rl": 0.34782608695652173, "sample_SELF_BLEU": 100.00000000000004, "sample_r1": 0.46605076743000623, "sample_r2": 0.17895858109032864, "sample_rl": 0.4014360394759199, "buck_40_SELF_BLEU": 100.00000000000004, "buck_40_r1": 0.4696866674659751, "buck_40_r2": 0.17907581635574912, "buck_40_rl": 0.40726286856117266, "buck_20_SELF_BLEU": 100.00000000000004, "buck_20_r1": 0.38888888888888895, "buck_20_r2": 0.1764705882352941, "buck_20_rl": 0.2777777777777778, "buck_10_SELF_BLEU": 0, "buck_1000_SELF_BLEU": 0, "rand_walk_self_bleu": 96.97042886802433, "rand_walk_self_edit": 19.666666666666668, "file": "sum_xsum_bs_16_35_False_0.4_False_False_4_5_zip_-1_0.0_0.9_36951809_The-first-"}