{"num_path": 20, "num_node": 170, "novel_1gram": 42, "novel_2gram": 60, "novel_3gram": 72, "degree": 0.9941176470588236, "ratio_10": 0.0, "ratio_20": 0.725, "ratio_40": 0.275, "ratio_1000": 0.0, "oracle_20_SELF_BLEU": 92.72112041969469, "oracle_20_r1": 0.39647944212330366, "oracle_20_r2": 0.24176419510123626, "oracle_20_rl": 0.39647944212330366, "oracle_1_SELF_BLEU": 0, "oracle_1_r1": 0.5161290322580646, "oracle_1_r2": 0.41379310344827586, "oracle_1_rl": 0.5161290322580646, "sample_SELF_BLEU": 100.00000000000004, "sample_r1": 0.390923789192019, "sample_r2": 0.23702757280621575, "sample_rl": 0.390923789192019, "buck_20_SELF_BLEU": 100.00000000000004, "buck_20_r1": 0.37897542568299514, "buck_20_r2": 0.22550387473098532, "buck_20_rl": 0.37897542568299514, "buck_40_SELF_BLEU": 100.00000000000004, "buck_40_r1": 0.4224240202612637, "buck_40_r2": 0.26740823136818687, "buck_40_rl": 0.4224240202612637, "buck_10_SELF_BLEU": 0, "buck_1000_SELF_BLEU": 0, "rand_walk_self_bleu": 95.11844635310916, "rand_walk_self_edit": 3.2, "file": "sum_xsum_bs_16_35_False_0.4_False_False_4_5_zip_-1_0.0_0.9_33243677_Hughes,-19"}