{"num_path": 20, "num_node": 224, "novel_1gram": 46, "novel_2gram": 63, "novel_3gram": 75, "degree": 0.9955357142857143, "ratio_10": 0.0, "ratio_20": 0.0, "ratio_40": 1.0, "ratio_1000": 0.0, "oracle_20_SELF_BLEU": 97.22269292642123, "oracle_20_r1": 0.6136200522762296, "oracle_20_r2": 0.4350477637863656, "oracle_20_rl": 0.6136200522762296, "oracle_1_SELF_BLEU": 0, "oracle_1_r1": 0.7450980392156863, "oracle_1_r2": 0.5714285714285714, "oracle_1_rl": 0.7450980392156863, "sample_SELF_BLEU": 100.00000000000004, "sample_r1": 0.6132407260776651, "sample_r2": 0.4355945324938486, "sample_rl": 0.6132407260776651, "buck_40_SELF_BLEU": 100.00000000000004, "buck_40_r1": 0.6132407260776651, "buck_40_r2": 0.4355945324938486, "buck_40_rl": 0.6132407260776651, "buck_10_SELF_BLEU": 0, "buck_20_SELF_BLEU": 0, "buck_1000_SELF_BLEU": 0, "rand_walk_self_bleu": 94.06123790350554, "rand_walk_self_edit": 28.6, "file": "sum_xsum_bs_16_35_False_0.4_False_False_4_5_zip_-1_0.0_0.9_32319927_Mark-Jones"}