{"num_path": 20, "num_node": 140, "novel_1gram": 33, "novel_2gram": 43, "novel_3gram": 53, "degree": 0.9928571428571429, "ratio_10": 0.0, "ratio_20": 0.36, "ratio_40": 0.64, "ratio_1000": 0.0, "oracle_20_SELF_BLEU": 96.33854847706012, "oracle_20_r1": 0.5945170050433208, "oracle_20_r2": 0.35754992319508455, "oracle_20_rl": 0.538809862494073, "oracle_1_SELF_BLEU": 0, "oracle_1_r1": 0.7272727272727272, "oracle_1_r2": 0.5161290322580646, "oracle_1_rl": 0.6666666666666667, "sample_SELF_BLEU": 100.00000000000004, "sample_r1": 0.5980770722875985, "sample_r2": 0.36146518177163345, "sample_rl": 0.5422688477951636, "buck_20_SELF_BLEU": 100.00000000000004, "buck_20_r1": 0.7272727272727272, "buck_20_r2": 0.5161290322580646, "buck_20_rl": 0.6666666666666667, "buck_40_SELF_BLEU": 100.00000000000004, "buck_40_r1": 0.5254045163584637, "buck_40_r2": 0.2744667658730159, "buck_40_rl": 0.4722950746799431, "buck_10_SELF_BLEU": 0, "buck_1000_SELF_BLEU": 0, "rand_walk_self_bleu": 88.54985020887364, "rand_walk_self_edit": 3.2, "file": "sum_xsum_bs_16_35_False_0.4_False_False_4_5_zip_-1_0.0_0.9_38211788_Nicholas-E"}