{"num_path": 20, "num_node": 258, "novel_1gram": 44, "novel_2gram": 57, "novel_3gram": 65, "degree": 0.9961240310077519, "ratio_10": 0.0, "ratio_20": 0.0, "ratio_40": 1.0, "ratio_1000": 0.0, "oracle_20_SELF_BLEU": 98.89176215346981, "oracle_20_r1": 0.4975385151285306, "oracle_20_r2": 0.21721176823264837, "oracle_20_rl": 0.3330518205432034, "oracle_1_SELF_BLEU": 0, "oracle_1_r1": 0.5217391304347826, "oracle_1_r2": 0.22727272727272724, "oracle_1_rl": 0.34782608695652173, "sample_SELF_BLEU": 100.00000000000004, "sample_r1": 0.4981047176687511, "sample_r2": 0.21710516213886108, "sample_rl": 0.3328959555700171, "buck_40_SELF_BLEU": 100.00000000000004, "buck_40_r1": 0.4981047176687511, "buck_40_r2": 0.21710516213886108, "buck_40_rl": 0.3328959555700171, "buck_10_SELF_BLEU": 0, "buck_20_SELF_BLEU": 0, "buck_1000_SELF_BLEU": 0, "rand_walk_self_bleu": 98.2370925699642, "rand_walk_self_edit": 12.6, "file": "sum_xsum_bs_16_35_False_0.4_False_False_4_5_zip_-1_0.0_0.9_29026398_The-Englan"}