{"num_path": 20, "num_node": 154, "novel_1gram": 32, "novel_2gram": 52, "novel_3gram": 64, "degree": 0.9935064935064936, "ratio_10": 0.0, "ratio_20": 0.69, "ratio_40": 0.31, "ratio_1000": 0.0, "oracle_20_SELF_BLEU": 96.50491007937094, "oracle_20_r1": 0.44983400210428004, "oracle_20_r2": 0.24927462371517065, "oracle_20_rl": 0.4167419292121504, "oracle_1_SELF_BLEU": 0, "oracle_1_r1": 0.45454545454545453, "oracle_1_r2": 0.33333333333333337, "oracle_1_rl": 0.45454545454545453, "sample_SELF_BLEU": 100.00000000000004, "sample_r1": 0.4456310741159011, "sample_r2": 0.24020561169472268, "sample_rl": 0.4101176435589368, "buck_20_SELF_BLEU": 100.00000000000004, "buck_20_r1": 0.451669877920217, "buck_20_r2": 0.25184217103483725, "buck_20_rl": 0.41485475197897204, "buck_40_SELF_BLEU": 100.00000000000004, "buck_40_r1": 0.43218986564823025, "buck_40_r2": 0.2143048828409193, "buck_40_rl": 0.39957375707563253, "buck_10_SELF_BLEU": 0, "buck_1000_SELF_BLEU": 0, "rand_walk_self_bleu": 96.36173217083469, "rand_walk_self_edit": 24.8, "file": "sum_xsum_bs_16_35_False_0.4_False_False_4_5_zip_-1_0.0_0.9_33810603_Neil-Fears"}