{"num_path": 20, "num_node": 168, "novel_1gram": 40, "novel_2gram": 53, "novel_3gram": 63, "degree": 0.9940476190476191, "ratio_10": 0.0, "ratio_20": 0.0, "ratio_40": 1.0, "ratio_1000": 0.0, "oracle_20_SELF_BLEU": 99.31276997918403, "oracle_20_r1": 0.3395202148257029, "oracle_20_r2": 0.11703258171210525, "oracle_20_rl": 0.3395202148257029, "oracle_1_SELF_BLEU": 0, "oracle_1_r1": 0.4186046511627907, "oracle_1_r2": 0.1951219512195122, "oracle_1_rl": 0.4186046511627907, "sample_SELF_BLEU": 100.00000000000004, "sample_r1": 0.343181059397687, "sample_r2": 0.1201421988706447, "sample_rl": 0.343181059397687, "buck_40_SELF_BLEU": 100.00000000000004, "buck_40_r1": 0.343181059397687, "buck_40_r2": 0.1201421988706447, "buck_40_rl": 0.343181059397687, "buck_10_SELF_BLEU": 0, "buck_20_SELF_BLEU": 0, "buck_1000_SELF_BLEU": 0, "rand_walk_self_bleu": 91.53270206591725, "rand_walk_self_edit": 22, "file": "sum_xsum_bs_16_35_False_0.4_False_False_4_5_zip_-1_0.0_0.9_40947448_Women's-ri"}