{"num_path": 20, "num_node": 173, "novel_1gram": 48, "novel_2gram": 70, "novel_3gram": 83, "degree": 0.9942196531791907, "ratio_10": 0.0, "ratio_20": 0.0, "ratio_40": 1.0, "ratio_1000": 0.0, "oracle_20_SELF_BLEU": 96.78661207536516, "oracle_20_r1": 0.3145454545454546, "oracle_20_r2": 0.10943396226415093, "oracle_20_rl": 0.21818181818181817, "oracle_1_SELF_BLEU": 0, "oracle_1_r1": 0.36363636363636365, "oracle_1_r2": 0.18867924528301885, "oracle_1_rl": 0.2909090909090909, "sample_SELF_BLEU": 100.00000000000004, "sample_r1": 0.312, "sample_r2": 0.10528301886792452, "sample_rl": 0.21509090909090908, "buck_40_SELF_BLEU": 100.00000000000004, "buck_40_r1": 0.312, "buck_40_r2": 0.10528301886792452, "buck_40_rl": 0.21509090909090908, "buck_10_SELF_BLEU": 0, "buck_20_SELF_BLEU": 0, "buck_1000_SELF_BLEU": 0, "rand_walk_self_bleu": 92.56446923125577, "rand_walk_self_edit": 18.733333333333334, "file": "sum_xsum_bs_16_35_False_0.4_False_False_4_5_zip_-1_0.0_0.9_19533038_GB-started"}