{"num_path": 20, "num_node": 176, "novel_1gram": 51, "novel_2gram": 67, "novel_3gram": 76, "degree": 0.9943181818181818, "ratio_10": 0.0, "ratio_20": 0.265, "ratio_40": 0.735, "ratio_1000": 0.0, "oracle_20_SELF_BLEU": 92.3465825003087, "oracle_20_r1": 0.568757736965754, "oracle_20_r2": 0.42671905393457116, "oracle_20_rl": 0.55311494759194, "oracle_1_SELF_BLEU": 0, "oracle_1_r1": 0.6666666666666665, "oracle_1_r2": 0.56, "oracle_1_rl": 0.6666666666666665, "sample_SELF_BLEU": 100.00000000000004, "sample_r1": 0.5770636520737327, "sample_r2": 0.43732660256410255, "sample_rl": 0.5570423048251558, "buck_40_SELF_BLEU": 100.00000000000004, "buck_40_r1": 0.5590163484748738, "buck_40_r2": 0.4098746970052389, "buck_40_rl": 0.5361652725606372, "buck_20_SELF_BLEU": 100.00000000000004, "buck_20_r1": 0.6271193809233979, "buck_20_r2": 0.5134667934537811, "buck_20_rl": 0.6149465263890096, "buck_10_SELF_BLEU": 0, "buck_1000_SELF_BLEU": 0, "rand_walk_self_bleu": 78.49311015831654, "rand_walk_self_edit": 29.4, "file": "sum_xsum_bs_16_35_False_0.4_False_False_4_5_zip_-1_0.0_0.9_40761453_The-vetera"}