{"num_path": 20, "num_node": 143, "novel_1gram": 42, "novel_2gram": 62, "novel_3gram": 78, "degree": 0.993006993006993, "ratio_10": 0.0, "ratio_20": 0.0, "ratio_40": 1.0, "ratio_1000": 0.0, "oracle_20_SELF_BLEU": 97.09929852090087, "oracle_20_r1": 0.3797958819228456, "oracle_20_r2": 0.129909322799653, "oracle_20_rl": 0.2865382515398237, "oracle_1_SELF_BLEU": 0, "oracle_1_r1": 0.5365853658536586, "oracle_1_r2": 0.25641025641025644, "oracle_1_rl": 0.4390243902439025, "sample_SELF_BLEU": 100.00000000000004, "sample_r1": 0.37593839610419855, "sample_r2": 0.12986840601505575, "sample_rl": 0.2832757838466826, "buck_40_SELF_BLEU": 100.00000000000004, "buck_40_r1": 0.37593839610419855, "buck_40_r2": 0.12986840601505575, "buck_40_rl": 0.2832757838466826, "buck_10_SELF_BLEU": 0, "buck_20_SELF_BLEU": 0, "buck_1000_SELF_BLEU": 0, "rand_walk_self_bleu": 84.81937279032144, "rand_walk_self_edit": 29.066666666666666, "file": "sum_xsum_bs_16_35_False_0.4_False_False_4_5_zip_-1_0.0_0.9_34744153_Lawyers-fo"}