{"num_path": 20, "num_node": 99, "novel_1gram": 33, "novel_2gram": 48, "novel_3gram": 57, "degree": 0.98989898989899, "ratio_10": 0.0, "ratio_20": 0.37, "ratio_40": 0.63, "ratio_1000": 0.0, "oracle_20_SELF_BLEU": 98.13290836533385, "oracle_20_r1": 0.6184595064552225, "oracle_20_r2": 0.33594266689316904, "oracle_20_rl": 0.5175523664477153, "oracle_1_SELF_BLEU": 0, "oracle_1_r1": 0.7142857142857143, "oracle_1_r2": 0.45, "oracle_1_rl": 0.6190476190476191, "sample_SELF_BLEU": 100.00000000000004, "sample_r1": 0.6192483597428518, "sample_r2": 0.33732072678497205, "sample_rl": 0.5184538246937268, "buck_20_SELF_BLEU": 100.00000000000004, "buck_20_r1": 0.6032063357810158, "buck_20_r2": 0.31796123854947383, "buck_20_rl": 0.4952135634923686, "buck_40_SELF_BLEU": 100.00000000000004, "buck_40_r1": 0.6286698658791682, "buck_40_r2": 0.34869058495502653, "buck_40_rl": 0.5321028669865879, "buck_10_SELF_BLEU": 0, "buck_1000_SELF_BLEU": 0, "rand_walk_self_bleu": 94.66240558146438, "rand_walk_self_edit": 11.266666666666667, "file": "sum_xsum_bs_16_35_False_0.4_False_False_4_5_zip_-1_0.0_0.9_26393852_Sosefina-A"}