{"num_path": 20, "num_node": 186, "novel_1gram": 44, "novel_2gram": 69, "novel_3gram": 82, "degree": 0.9946236559139785, "ratio_10": 0.0, "ratio_20": 0.0, "ratio_40": 1.0, "ratio_1000": 0.0, "oracle_20_SELF_BLEU": 97.26341201459424, "oracle_20_r1": 0.5768318914760702, "oracle_20_r2": 0.2966982695561961, "oracle_20_rl": 0.5024152320082015, "oracle_1_SELF_BLEU": 0, "oracle_1_r1": 0.6666666666666667, "oracle_1_r2": 0.46511627906976744, "oracle_1_rl": 0.6666666666666667, "sample_SELF_BLEU": 100.00000000000004, "sample_r1": 0.5705698436440144, "sample_r2": 0.2940037830709044, "sample_rl": 0.495303860143278, "buck_40_SELF_BLEU": 100.00000000000004, "buck_40_r1": 0.5705698436440144, "buck_40_r2": 0.2940037830709044, "buck_40_rl": 0.495303860143278, "buck_10_SELF_BLEU": 0, "buck_20_SELF_BLEU": 0, "buck_1000_SELF_BLEU": 0, "rand_walk_self_bleu": 77.75101498582251, "rand_walk_self_edit": 44.86666666666667, "file": "sum_xsum_bs_16_35_False_0.4_False_False_4_5_zip_-1_0.0_0.9_39254234_Isabel-Gen"}