{"num_path": 20, "num_node": 149, "novel_1gram": 45, "novel_2gram": 63, "novel_3gram": 71, "degree": 0.9932885906040269, "ratio_10": 0.0, "ratio_20": 0.17, "ratio_40": 0.83, "ratio_1000": 0.0, "oracle_20_SELF_BLEU": 92.32903510063848, "oracle_20_r1": 0.23676970172203451, "oracle_20_r2": 0.04120734847418954, "oracle_20_rl": 0.14017679060471203, "oracle_1_SELF_BLEU": 0, "oracle_1_r1": 0.23809523809523808, "oracle_1_r2": 0.05, "oracle_1_rl": 0.14285714285714285, "sample_SELF_BLEU": 100.00000000000004, "sample_r1": 0.23546038322183058, "sample_r2": 0.04060968560029757, "sample_rl": 0.140061803055628, "buck_40_SELF_BLEU": 100.00000000000004, "buck_40_r1": 0.23953718668603052, "buck_40_r2": 0.040927038190191015, "buck_40_rl": 0.14185754067330061, "buck_20_SELF_BLEU": 100.00000000000004, "buck_20_r1": 0.21555598983779556, "buck_20_r2": 0.03906025824964132, "buck_20_rl": 0.13129437821640283, "buck_10_SELF_BLEU": 0, "buck_1000_SELF_BLEU": 0, "rand_walk_self_bleu": 95.14312735323992, "rand_walk_self_edit": 22.2, "file": "sum_xsum_bs_16_35_False_0.4_False_False_4_5_zip_-1_0.0_0.9_35998891_Jon-Lewis'"}