{"num_path": 20, "num_node": 140, "novel_1gram": 35, "novel_2gram": 54, "novel_3gram": 65, "degree": 0.9928571428571429, "ratio_10": 0.0, "ratio_20": 0.025, "ratio_40": 0.975, "ratio_1000": 0.0, "oracle_20_SELF_BLEU": 94.00997201787072, "oracle_20_r1": 0.33042433491384143, "oracle_20_r2": 0.10418291152976349, "oracle_20_rl": 0.20557858792118575, "oracle_1_SELF_BLEU": 0, "oracle_1_r1": 0.380952380952381, "oracle_1_r2": 0.15, "oracle_1_rl": 0.1904761904761905, "sample_SELF_BLEU": 100.00000000000004, "sample_r1": 0.3326369705482014, "sample_r2": 0.10572703001290636, "sample_rl": 0.2050988431433695, "buck_40_SELF_BLEU": 100.00000000000004, "buck_40_r1": 0.33237491484797216, "buck_40_r2": 0.10532997639241366, "buck_40_rl": 0.2044969819785475, "buck_20_SELF_BLEU": 100.00000000000004, "buck_20_r1": 0.3428571428571428, "buck_20_r2": 0.12121212121212123, "buck_20_rl": 0.22857142857142854, "buck_10_SELF_BLEU": 0, "buck_1000_SELF_BLEU": 0, "rand_walk_self_bleu": 87.26092110876425, "rand_walk_self_edit": 34.4, "file": "sum_xsum_bs_16_35_False_0.4_False_False_4_5_zip_-1_0.0_0.9_25518137_In-the-196"}