{"num_path": 20, "num_node": 212, "novel_1gram": 48, "novel_2gram": 68, "novel_3gram": 80, "degree": 0.9952830188679245, "ratio_10": 0.0, "ratio_20": 0.0, "ratio_40": 1.0, "ratio_1000": 0.0, "oracle_20_SELF_BLEU": 96.08440525943159, "oracle_20_r1": 0.34992576818026444, "oracle_20_r2": 0.12153108239485215, "oracle_20_rl": 0.24183968555246765, "oracle_1_SELF_BLEU": 0, "oracle_1_r1": 0.43478260869565216, "oracle_1_r2": 0.22727272727272724, "oracle_1_rl": 0.30434782608695654, "sample_SELF_BLEU": 100.00000000000004, "sample_r1": 0.3451977136965681, "sample_r2": 0.11264483435269397, "sample_rl": 0.23702792894089444, "buck_40_SELF_BLEU": 100.00000000000004, "buck_40_r1": 0.3451977136965681, "buck_40_r2": 0.11264483435269397, "buck_40_rl": 0.23702792894089444, "buck_10_SELF_BLEU": 0, "buck_20_SELF_BLEU": 0, "buck_1000_SELF_BLEU": 0, "rand_walk_self_bleu": 96.22317470966702, "rand_walk_self_edit": 30.466666666666665, "file": "sum_xsum_bs_16_35_False_0.4_False_False_4_5_zip_-1_0.0_0.9_38105023_Bribes-of-"}