{"num_path": 20, "num_node": 159, "novel_1gram": 39, "novel_2gram": 54, "novel_3gram": 66, "degree": 0.9937106918238994, "ratio_10": 0.0, "ratio_20": 0.0, "ratio_40": 1.0, "ratio_1000": 0.0, "oracle_20_SELF_BLEU": 97.3201246782232, "oracle_20_r1": 0.4507910628019323, "oracle_20_r2": 0.20210956889419981, "oracle_20_rl": 0.37668478260869565, "oracle_1_SELF_BLEU": 0, "oracle_1_r1": 0.48888888888888893, "oracle_1_r2": 0.23255813953488372, "oracle_1_rl": 0.39999999999999997, "sample_SELF_BLEU": 100.00000000000004, "sample_r1": 0.4496884057971014, "sample_r2": 0.2015033550877838, "sample_rl": 0.3768423913043478, "buck_40_SELF_BLEU": 100.00000000000004, "buck_40_r1": 0.4496884057971014, "buck_40_r2": 0.2015033550877838, "buck_40_rl": 0.3768423913043478, "buck_10_SELF_BLEU": 0, "buck_20_SELF_BLEU": 0, "buck_1000_SELF_BLEU": 0, "rand_walk_self_bleu": 100.00000000000004, "rand_walk_self_edit": 0, "file": "sum_xsum_bs_16_35_False_0.4_False_False_4_5_zip_-1_0.0_0.9_35569627_Media-play"}