{"num_path": 20, "num_node": 276, "novel_1gram": 39, "novel_2gram": 56, "novel_3gram": 67, "degree": 0.9963768115942029, "ratio_10": 0.0, "ratio_20": 0.0, "ratio_40": 1.0, "ratio_1000": 0.0, "oracle_20_SELF_BLEU": 96.87938546821691, "oracle_20_r1": 0.32938319363851276, "oracle_20_r2": 0.07601882613510522, "oracle_20_rl": 0.23671594363083726, "oracle_1_SELF_BLEU": 0, "oracle_1_r1": 0.33333333333333337, "oracle_1_r2": 0.1, "oracle_1_rl": 0.23809523809523808, "sample_SELF_BLEU": 100.00000000000004, "sample_r1": 0.3299084461637653, "sample_r2": 0.07621557770394981, "sample_rl": 0.23667569310122502, "buck_40_SELF_BLEU": 100.00000000000004, "buck_40_r1": 0.3299084461637653, "buck_40_r2": 0.07621557770394981, "buck_40_rl": 0.23667569310122502, "buck_10_SELF_BLEU": 0, "buck_20_SELF_BLEU": 0, "buck_1000_SELF_BLEU": 0, "rand_walk_self_bleu": 88.74373479302771, "rand_walk_self_edit": 18.8, "file": "sum_xsum_bs_16_35_False_0.4_False_False_4_5_zip_-1_0.0_0.9_22152699_Cleveland-"}