{"num_path": 20, "num_node": 139, "novel_1gram": 57, "novel_2gram": 84, "novel_3gram": 96, "degree": 0.9928057553956835, "ratio_10": 0.0, "ratio_20": 0.475, "ratio_40": 0.525, "ratio_1000": 0.0, "oracle_20_SELF_BLEU": 82.5666384308028, "oracle_20_r1": 0.1315655163761609, "oracle_20_r2": 0.0, "oracle_20_rl": 0.0921133854724426, "oracle_1_SELF_BLEU": 0, "oracle_1_r1": 0.12765957446808512, "oracle_1_r2": 0.0, "oracle_1_rl": 0.0851063829787234, "sample_SELF_BLEU": 100.00000000000004, "sample_r1": 0.13358042686780666, "sample_r2": 0.0, "sample_rl": 0.0931511054823979, "buck_40_SELF_BLEU": 100.00000000000004, "buck_40_r1": 0.14978125723223762, "buck_40_r2": 0.0, "buck_40_rl": 0.1085101390983744, "buck_20_SELF_BLEU": 100.00000000000004, "buck_20_r1": 0.11567424593869877, "buck_20_r2": 0.0, "buck_20_rl": 0.0761753314857923, "buck_10_SELF_BLEU": 0, "buck_1000_SELF_BLEU": 0, "rand_walk_self_bleu": 82.77034489873125, "rand_walk_self_edit": 36.6, "file": "sum_xsum_bs_16_35_False_0.4_False_False_4_5_zip_-1_0.0_0.9_35602332_Programs-s"}