{"num_path": 20, "num_node": 153, "novel_1gram": 38, "novel_2gram": 51, "novel_3gram": 60, "degree": 0.9934640522875817, "ratio_10": 0.0, "ratio_20": 0.13, "ratio_40": 0.87, "ratio_1000": 0.0, "oracle_20_SELF_BLEU": 97.50677500270308, "oracle_20_r1": 0.3488061849390476, "oracle_20_r2": 0.10968712680786984, "oracle_20_rl": 0.2463523116989099, "oracle_1_SELF_BLEU": 0, "oracle_1_r1": 0.3888888888888889, "oracle_1_r2": 0.17647058823529413, "oracle_1_rl": 0.33333333333333326, "sample_SELF_BLEU": 100.00000000000004, "sample_r1": 0.34953885856613715, "sample_r2": 0.10920412271186265, "sample_rl": 0.24838460877613636, "buck_40_SELF_BLEU": 100.00000000000004, "buck_40_r1": 0.3547427128200445, "buck_40_r2": 0.10505360469062829, "buck_40_rl": 0.24685696684722844, "buck_20_SELF_BLEU": 100.00000000000004, "buck_20_r1": 0.3147130647130647, "buck_20_r2": 0.13698066639243112, "buck_20_rl": 0.2586080586080586, "buck_10_SELF_BLEU": 0, "buck_1000_SELF_BLEU": 0, "rand_walk_self_bleu": 84.6471882032982, "rand_walk_self_edit": 47.53333333333333, "file": "sum_xsum_bs_16_35_False_0.4_False_False_4_5_zip_-1_0.0_0.9_37584589_7-October-"}