{"num_path": 20, "num_node": 146, "novel_1gram": 47, "novel_2gram": 67, "novel_3gram": 79, "degree": 0.9931506849315068, "ratio_10": 0.0, "ratio_20": 0.0, "ratio_40": 1.0, "ratio_1000": 0.0, "oracle_20_SELF_BLEU": 93.80141971947057, "oracle_20_r1": 0.33670616503735884, "oracle_20_r2": 0.14749601828549197, "oracle_20_rl": 0.28534102611124434, "oracle_1_SELF_BLEU": 0, "oracle_1_r1": 0.42105263157894735, "oracle_1_r2": 0.22222222222222224, "oracle_1_rl": 0.42105263157894735, "sample_SELF_BLEU": 100.00000000000004, "sample_r1": 0.33905356143642407, "sample_r2": 0.14808168289747237, "sample_rl": 0.2855228949484405, "buck_40_SELF_BLEU": 100.00000000000004, "buck_40_r1": 0.33905356143642407, "buck_40_r2": 0.14808168289747237, "buck_40_rl": 0.2855228949484405, "buck_10_SELF_BLEU": 0, "buck_20_SELF_BLEU": 0, "buck_1000_SELF_BLEU": 0, "rand_walk_self_bleu": 81.17522991811165, "rand_walk_self_edit": 49.266666666666666, "file": "sum_xsum_bs_16_35_False_0.4_False_False_4_5_zip_-1_0.0_0.9_35837959_The-cards,"}