{"num_path": 20, "num_node": 172, "novel_1gram": 48, "novel_2gram": 81, "novel_3gram": 97, "degree": 0.9941860465116279, "ratio_10": 0.0, "ratio_20": 0.445, "ratio_40": 0.555, "ratio_1000": 0.0, "oracle_20_SELF_BLEU": 90.81379044599548, "oracle_20_r1": 0.4839834540854465, "oracle_20_r2": 0.04217880978865406, "oracle_20_rl": 0.2941334598355471, "oracle_1_SELF_BLEU": 0, "oracle_1_r1": 0.5454545454545455, "oracle_1_r2": 0.12903225806451615, "oracle_1_rl": 0.3636363636363636, "sample_SELF_BLEU": 100.00000000000004, "sample_r1": 0.4758731348111092, "sample_r2": 0.04051550333704116, "sample_rl": 0.29558715715025013, "buck_20_SELF_BLEU": 100.00000000000004, "buck_20_r1": 0.4705262117367953, "buck_20_r2": 0.03796977915536614, "buck_20_rl": 0.2558458817973135, "buck_40_SELF_BLEU": 100.00000000000004, "buck_40_r1": 0.48016030736618975, "buck_40_r2": 0.04255666957279861, "buck_40_rl": 0.32745178333413627, "buck_10_SELF_BLEU": 0, "buck_1000_SELF_BLEU": 0, "rand_walk_self_bleu": 73.1696113665989, "rand_walk_self_edit": 63, "file": "sum_xsum_bs_16_35_False_0.4_False_False_4_5_zip_-1_0.0_0.9_34698579_There-were"}