{"num_path": 20, "num_node": 176, "novel_1gram": 47, "novel_2gram": 69, "novel_3gram": 80, "degree": 0.9943181818181818, "ratio_10": 0.0, "ratio_20": 0.0, "ratio_40": 1.0, "ratio_1000": 0.0, "oracle_20_SELF_BLEU": 95.52843690567951, "oracle_20_r1": 0.5292035314949307, "oracle_20_r2": 0.17550657655920812, "oracle_20_rl": 0.3122017710977916, "oracle_1_SELF_BLEU": 0, "oracle_1_r1": 0.631578947368421, "oracle_1_r2": 0.2777777777777778, "oracle_1_rl": 0.3684210526315789, "sample_SELF_BLEU": 100.00000000000004, "sample_r1": 0.5367976515816696, "sample_r2": 0.1776261682445893, "sample_rl": 0.3136997576721582, "buck_40_SELF_BLEU": 100.00000000000004, "buck_40_r1": 0.5367976515816696, "buck_40_r2": 0.1776261682445893, "buck_40_rl": 0.3136997576721582, "buck_10_SELF_BLEU": 0, "buck_20_SELF_BLEU": 0, "buck_1000_SELF_BLEU": 0, "rand_walk_self_bleu": 90.13803818356624, "rand_walk_self_edit": 26.333333333333332, "file": "sum_xsum_bs_16_35_False_0.4_False_False_4_5_zip_-1_0.0_0.9_28205563_The-victim"}