{"num_path": 20, "num_node": 154, "novel_1gram": 38, "novel_2gram": 65, "novel_3gram": 78, "degree": 0.9935064935064936, "ratio_10": 0.0, "ratio_20": 0.055, "ratio_40": 0.945, "ratio_1000": 0.0, "oracle_20_SELF_BLEU": 92.65092605131063, "oracle_20_r1": 0.5733525266565538, "oracle_20_r2": 0.3923955428223721, "oracle_20_rl": 0.42338658694302483, "oracle_1_SELF_BLEU": 0, "oracle_1_r1": 0.5853658536585366, "oracle_1_r2": 0.4615384615384615, "oracle_1_rl": 0.5365853658536586, "sample_SELF_BLEU": 100.00000000000004, "sample_r1": 0.5743654317888577, "sample_r2": 0.3878664917262478, "sample_rl": 0.41893381623103687, "buck_40_SELF_BLEU": 100.00000000000004, "buck_40_r1": 0.5719780718970411, "buck_40_r2": 0.38527270681742226, "buck_40_rl": 0.41943885044120033, "buck_20_SELF_BLEU": 100.00000000000004, "buck_20_r1": 0.6153846153846153, "buck_20_r2": 0.4324324324324324, "buck_20_rl": 0.41025641025641024, "buck_10_SELF_BLEU": 0, "buck_1000_SELF_BLEU": 0, "rand_walk_self_bleu": 87.24087209908984, "rand_walk_self_edit": 46, "file": "sum_xsum_bs_16_35_False_0.4_False_False_4_5_zip_-1_0.0_0.9_38972281_Satnam-Sin"}