{"num_path": 20, "num_node": 187, "novel_1gram": 42, "novel_2gram": 54, "novel_3gram": 60, "degree": 0.9946524064171123, "ratio_10": 0.0, "ratio_20": 0.0, "ratio_40": 1.0, "ratio_1000": 0.0, "oracle_20_SELF_BLEU": 100.00000000000004, "oracle_20_r1": 0.3268099547511312, "oracle_20_r2": 0.12073469387755102, "oracle_20_rl": 0.29604072398190046, "oracle_1_SELF_BLEU": 0, "oracle_1_r1": 0.3137254901960784, "oracle_1_r2": 0.12244897959183673, "oracle_1_rl": 0.3137254901960784, "sample_SELF_BLEU": 100.00000000000004, "sample_r1": 0.32748868778280543, "sample_r2": 0.12069795918367346, "sample_rl": 0.2963348416289593, "buck_40_SELF_BLEU": 100.00000000000004, "buck_40_r1": 0.32748868778280543, "buck_40_r2": 0.12069795918367346, "buck_40_rl": 0.2963348416289593, "buck_10_SELF_BLEU": 0, "buck_20_SELF_BLEU": 0, "buck_1000_SELF_BLEU": 0, "rand_walk_self_bleu": 93.83706097138898, "rand_walk_self_edit": 14.733333333333333, "file": "sum_xsum_bs_16_35_False_0.4_False_False_4_5_zip_-1_0.0_0.9_28359094_Transport-"}