{"num_path": 20, "num_node": 144, "novel_1gram": 34, "novel_2gram": 48, "novel_3gram": 59, "degree": 0.9930555555555556, "ratio_10": 0.0, "ratio_20": 0.305, "ratio_40": 0.695, "ratio_1000": 0.0, "oracle_20_SELF_BLEU": 95.958588790319, "oracle_20_r1": 0.39082924630060334, "oracle_20_r2": 0.07924513421732554, "oracle_20_rl": 0.3134889776519365, "oracle_1_SELF_BLEU": 0, "oracle_1_r1": 0.41379310344827586, "oracle_1_r2": 0.07407407407407407, "oracle_1_rl": 0.27586206896551724, "sample_SELF_BLEU": 100.00000000000004, "sample_r1": 0.38779033100751675, "sample_r2": 0.08307317948808493, "sample_rl": 0.31428359372366604, "buck_40_SELF_BLEU": 100.00000000000004, "buck_40_r1": 0.371384417392772, "buck_40_r2": 0.08188368104181838, "buck_40_rl": 0.29538861579358217, "buck_20_SELF_BLEU": 100.00000000000004, "buck_20_r1": 0.4251742980968532, "buck_20_r2": 0.08578367594761038, "buck_20_rl": 0.3573393631053326, "buck_10_SELF_BLEU": 0, "buck_1000_SELF_BLEU": 0, "rand_walk_self_bleu": 85.2124253482577, "rand_walk_self_edit": 31.133333333333333, "file": "sum_xsum_bs_16_35_False_0.4_False_False_4_5_zip_-1_0.0_0.9_30759868_The-18-ske"}