{"num_path": 20, "num_node": 154, "novel_1gram": 52, "novel_2gram": 79, "novel_3gram": 99, "degree": 0.9935064935064936, "ratio_10": 0.0, "ratio_20": 0.0, "ratio_40": 1.0, "ratio_1000": 0.0, "oracle_20_SELF_BLEU": 94.54529344964422, "oracle_20_r1": 0.5070365959217582, "oracle_20_r2": 0.2805761987496201, "oracle_20_rl": 0.39003274994338283, "oracle_1_SELF_BLEU": 0, "oracle_1_r1": 0.5882352941176471, "oracle_1_r2": 0.3673469387755102, "oracle_1_rl": 0.39215686274509803, "sample_SELF_BLEU": 100.00000000000004, "sample_r1": 0.5073436858423078, "sample_r2": 0.2807430182156119, "sample_rl": 0.3866789260045185, "buck_40_SELF_BLEU": 100.00000000000004, "buck_40_r1": 0.5073436858423078, "buck_40_r2": 0.2807430182156119, "buck_40_rl": 0.3866789260045185, "buck_10_SELF_BLEU": 0, "buck_20_SELF_BLEU": 0, "buck_1000_SELF_BLEU": 0, "rand_walk_self_bleu": 85.1410021486027, "rand_walk_self_edit": 48.4, "file": "sum_xsum_bs_16_35_False_0.4_False_False_4_5_zip_-1_0.0_0.9_26237638_Prime-Mini"}