{"num_path": 20, "num_node": 145, "novel_1gram": 43, "novel_2gram": 64, "novel_3gram": 72, "degree": 0.993103448275862, "ratio_10": 0.0, "ratio_20": 0.295, "ratio_40": 0.705, "ratio_1000": 0.0, "oracle_20_SELF_BLEU": 96.5375097204835, "oracle_20_r1": 0.5083912175728607, "oracle_20_r2": 0.2758558670942572, "oracle_20_rl": 0.41648767558908767, "oracle_1_SELF_BLEU": 0, "oracle_1_r1": 0.5789473684210527, "oracle_1_r2": 0.33333333333333326, "oracle_1_rl": 0.42105263157894735, "sample_SELF_BLEU": 100.00000000000004, "sample_r1": 0.510187609699163, "sample_r2": 0.277308303063721, "sample_rl": 0.4158582672729014, "buck_40_SELF_BLEU": 100.00000000000004, "buck_40_r1": 0.5106068008807473, "buck_40_r2": 0.27206255515326067, "buck_40_rl": 0.40844321522769067, "buck_20_SELF_BLEU": 100.00000000000004, "buck_20_r1": 0.5091858138245292, "buck_20_r2": 0.289844751459906, "buck_20_rl": 0.4335789848724728, "buck_10_SELF_BLEU": 0, "buck_1000_SELF_BLEU": 0, "rand_walk_self_bleu": 90.67783420385362, "rand_walk_self_edit": 52.6, "file": "sum_xsum_bs_16_35_False_0.4_False_False_4_5_zip_-1_0.0_0.9_32242131_The-airlin"}