{"num_path": 20, "num_node": 178, "novel_1gram": 38, "novel_2gram": 55, "novel_3gram": 67, "degree": 0.9943820224719101, "ratio_10": 0.0, "ratio_20": 0.0, "ratio_40": 1.0, "ratio_1000": 0.0, "oracle_20_SELF_BLEU": 96.87130325278456, "oracle_20_r1": 0.7415910380034033, "oracle_20_r2": 0.468236174394711, "oracle_20_rl": 0.6577287951224423, "oracle_1_SELF_BLEU": 0, "oracle_1_r1": 0.8095238095238095, "oracle_1_r2": 0.6, "oracle_1_rl": 0.7142857142857143, "sample_SELF_BLEU": 100.00000000000004, "sample_r1": 0.7342669298937025, "sample_r2": 0.46301596980255516, "sample_rl": 0.654050504232013, "buck_40_SELF_BLEU": 100.00000000000004, "buck_40_r1": 0.7342669298937025, "buck_40_r2": 0.46301596980255516, "buck_40_rl": 0.654050504232013, "buck_10_SELF_BLEU": 0, "buck_20_SELF_BLEU": 0, "buck_1000_SELF_BLEU": 0, "rand_walk_self_bleu": 91.90896686440989, "rand_walk_self_edit": 13.933333333333334, "file": "sum_xsum_bs_16_35_False_0.4_False_False_4_5_zip_-1_0.0_0.9_36308067_Abdul-Hafi"}