{"num_path": 20, "num_node": 180, "novel_1gram": 50, "novel_2gram": 81, "novel_3gram": 93, "degree": 0.9944444444444445, "ratio_10": 0.0, "ratio_20": 0.275, "ratio_40": 0.725, "ratio_1000": 0.0, "oracle_20_SELF_BLEU": 90.14174259362687, "oracle_20_r1": 0.3045874758154962, "oracle_20_r2": 0.06287298784429345, "oracle_20_rl": 0.21459670917980617, "oracle_1_SELF_BLEU": 0, "oracle_1_r1": 0.4390243902439024, "oracle_1_r2": 0.15384615384615385, "oracle_1_rl": 0.2926829268292683, "sample_SELF_BLEU": 100.00000000000004, "sample_r1": 0.30117316348031037, "sample_r2": 0.06162319280432624, "sample_rl": 0.2146086800681242, "buck_20_SELF_BLEU": 100.00000000000004, "buck_20_r1": 0.3205842205842206, "buck_20_r2": 0.058517952635599696, "buck_20_rl": 0.22113022113022113, "buck_40_SELF_BLEU": 100.00000000000004, "buck_40_r1": 0.2938103487167582, "buck_40_r2": 0.06280104252349837, "buck_40_rl": 0.21213499207905295, "buck_10_SELF_BLEU": 0, "buck_1000_SELF_BLEU": 0, "rand_walk_self_bleu": 71.79600660401066, "rand_walk_self_edit": 54.2, "file": "sum_xsum_bs_16_35_False_0.4_False_False_4_5_zip_-1_0.0_0.9_38944626_Tess-Newal"}