{"num_path": 20, "num_node": 193, "novel_1gram": 35, "novel_2gram": 51, "novel_3gram": 63, "degree": 0.9948186528497409, "ratio_10": 0.0, "ratio_20": 0.0, "ratio_40": 1.0, "ratio_1000": 0.0, "oracle_20_SELF_BLEU": 97.86080804330717, "oracle_20_r1": 0.3865448856561071, "oracle_20_r2": 0.15450329010817357, "oracle_20_rl": 0.28659889670813204, "oracle_1_SELF_BLEU": 0, "oracle_1_r1": 0.4528301886792453, "oracle_1_r2": 0.19607843137254902, "oracle_1_rl": 0.3018867924528302, "sample_SELF_BLEU": 100.00000000000004, "sample_r1": 0.3876949532684389, "sample_r2": 0.15589200666559155, "sample_rl": 0.2875253428024034, "buck_40_SELF_BLEU": 100.00000000000004, "buck_40_r1": 0.3876949532684389, "buck_40_r2": 0.15589200666559155, "buck_40_rl": 0.2875253428024034, "buck_10_SELF_BLEU": 0, "buck_20_SELF_BLEU": 0, "buck_1000_SELF_BLEU": 0, "rand_walk_self_bleu": 89.7937488649992, "rand_walk_self_edit": 21.133333333333333, "file": "sum_xsum_bs_16_35_False_0.4_False_False_4_5_zip_-1_0.0_0.9_34688872_Media-play"}