{"num_path": 20, "num_node": 138, "novel_1gram": 47, "novel_2gram": 65, "novel_3gram": 75, "degree": 0.9927536231884058, "ratio_10": 0.0, "ratio_20": 0.475, "ratio_40": 0.525, "ratio_1000": 0.0, "oracle_20_SELF_BLEU": 96.67420631084694, "oracle_20_r1": 0.6303435453435453, "oracle_20_r2": 0.3700432445601226, "oracle_20_rl": 0.4363469863469864, "oracle_1_SELF_BLEU": 0, "oracle_1_r1": 0.6666666666666667, "oracle_1_r2": 0.4516129032258065, "oracle_1_rl": 0.4848484848484849, "sample_SELF_BLEU": 100.00000000000004, "sample_r1": 0.629768981018981, "sample_r2": 0.3717237318144888, "sample_rl": 0.4383490953490954, "buck_40_SELF_BLEU": 100.00000000000004, "buck_40_r1": 0.6176923076923077, "buck_40_r2": 0.36094284345058336, "buck_40_rl": 0.4121100063957207, "buck_20_SELF_BLEU": 100.00000000000004, "buck_20_r1": 0.6431168831168831, "buck_20_r2": 0.3836394505324896, "buck_20_rl": 0.4673501936659832, "buck_10_SELF_BLEU": 0, "buck_1000_SELF_BLEU": 0, "rand_walk_self_bleu": 80.88851152981246, "rand_walk_self_edit": 44.733333333333334, "file": "sum_xsum_bs_16_35_False_0.4_False_False_4_5_zip_-1_0.0_0.9_33849042_O'Grady-de"}