{"num_path": 20, "num_node": 178, "novel_1gram": 43, "novel_2gram": 71, "novel_3gram": 86, "degree": 0.9943820224719101, "ratio_10": 0.0, "ratio_20": 1.0, "ratio_40": 0.0, "ratio_1000": 0.0, "oracle_20_SELF_BLEU": 86.26090523852336, "oracle_20_r1": 0.30745297995965876, "oracle_20_r2": 0.08003329446350287, "oracle_20_rl": 0.27325322468792207, "oracle_1_SELF_BLEU": 0, "oracle_1_r1": 0.45161290322580644, "oracle_1_r2": 0.20689655172413793, "oracle_1_rl": 0.45161290322580644, "sample_SELF_BLEU": 100.00000000000004, "sample_r1": 0.30534505093044617, "sample_r2": 0.08236999216631406, "sample_rl": 0.27260897806472933, "buck_20_SELF_BLEU": 100.00000000000004, "buck_20_r1": 0.30534505093044617, "buck_20_r2": 0.08236999216631406, "buck_20_rl": 0.27260897806472933, "buck_10_SELF_BLEU": 0, "buck_40_SELF_BLEU": 0, "buck_1000_SELF_BLEU": 0, "rand_walk_self_bleu": 68.64628208720433, "rand_walk_self_edit": 42.333333333333336, "file": "sum_xsum_bs_16_35_False_0.4_False_False_4_5_zip_-1_0.0_0.9_31370822_The-blaze-"}