{"num_path": 20, "num_node": 159, "novel_1gram": 46, "novel_2gram": 70, "novel_3gram": 80, "degree": 0.9937106918238994, "ratio_10": 0.0, "ratio_20": 0.0, "ratio_40": 1.0, "ratio_1000": 0.0, "oracle_20_SELF_BLEU": 95.95517583295445, "oracle_20_r1": 0.2857415681253186, "oracle_20_r2": 0.0, "oracle_20_rl": 0.21365900345518646, "oracle_1_SELF_BLEU": 0, "oracle_1_r1": 0.33333333333333337, "oracle_1_r2": 0.0, "oracle_1_rl": 0.20833333333333331, "sample_SELF_BLEU": 100.00000000000004, "sample_r1": 0.2827638122682678, "sample_r2": 0.0, "sample_rl": 0.21243189994678657, "buck_40_SELF_BLEU": 100.00000000000004, "buck_40_r1": 0.2827638122682678, "buck_40_r2": 0.0, "buck_40_rl": 0.21243189994678657, "buck_10_SELF_BLEU": 0, "buck_20_SELF_BLEU": 0, "buck_1000_SELF_BLEU": 0, "rand_walk_self_bleu": 87.41400816119254, "rand_walk_self_edit": 35.86666666666667, "file": "sum_xsum_bs_16_35_False_0.4_False_False_4_5_zip_-1_0.0_0.9_30704751_Mr-Mallon-"}