{"num_path": 20, "num_node": 179, "novel_1gram": 40, "novel_2gram": 55, "novel_3gram": 67, "degree": 0.994413407821229, "ratio_10": 0.0, "ratio_20": 0.12, "ratio_40": 0.88, "ratio_1000": 0.0, "oracle_20_SELF_BLEU": 97.44403511533294, "oracle_20_r1": 0.5179056336983167, "oracle_20_r2": 0.3233535762483131, "oracle_20_rl": 0.47731624560892855, "oracle_1_SELF_BLEU": 0, "oracle_1_r1": 0.5853658536585366, "oracle_1_r2": 0.46153846153846156, "oracle_1_rl": 0.5853658536585366, "sample_SELF_BLEU": 100.00000000000004, "sample_r1": 0.510056790001912, "sample_r2": 0.3096244457297089, "sample_rl": 0.4672293944245164, "buck_40_SELF_BLEU": 100.00000000000004, "buck_40_r1": 0.5206419296704773, "buck_40_r2": 0.32067712988765623, "buck_40_rl": 0.47934544206717156, "buck_20_SELF_BLEU": 100.00000000000004, "buck_20_r1": 0.4324324324324324, "buck_20_r2": 0.2285714285714286, "buck_20_rl": 0.3783783783783784, "buck_10_SELF_BLEU": 0, "buck_1000_SELF_BLEU": 0, "rand_walk_self_bleu": 77.92400383988316, "rand_walk_self_edit": 32.53333333333333, "file": "sum_xsum_bs_16_35_False_0.4_False_False_4_5_zip_-1_0.0_0.9_36414580_Manager-Ch"}