{"num_path": 20, "num_node": 197, "novel_1gram": 34, "novel_2gram": 41, "novel_3gram": 46, "degree": 0.9949238578680203, "ratio_10": 0.0, "ratio_20": 0.0, "ratio_40": 1.0, "ratio_1000": 0.0, "oracle_20_SELF_BLEU": 99.35103326892894, "oracle_20_r1": 0.523023886052814, "oracle_20_r2": 0.39743444303852693, "oracle_20_rl": 0.523023886052814, "oracle_1_SELF_BLEU": 0, "oracle_1_r1": 0.5365853658536586, "oracle_1_r2": 0.4102564102564102, "oracle_1_rl": 0.5365853658536586, "sample_SELF_BLEU": 100.00000000000004, "sample_r1": 0.522655196319405, "sample_r2": 0.39733438049944003, "sample_rl": 0.522655196319405, "buck_40_SELF_BLEU": 100.00000000000004, "buck_40_r1": 0.522655196319405, "buck_40_r2": 0.39733438049944003, "buck_40_rl": 0.522655196319405, "buck_10_SELF_BLEU": 0, "buck_20_SELF_BLEU": 0, "buck_1000_SELF_BLEU": 0, "rand_walk_self_bleu": 93.76804782495277, "rand_walk_self_edit": 6.4, "file": "sum_xsum_bs_16_35_False_0.4_False_False_4_5_zip_-1_0.0_0.9_38897462_Nyom-also-"}