{"num_path": 20, "num_node": 62, "novel_1gram": 38, "novel_2gram": 56, "novel_3gram": 60, "degree": 0.9838709677419355, "ratio_10": 0.0, "ratio_20": 0.29, "ratio_40": 0.71, "ratio_1000": 0.0, "oracle_20_SELF_BLEU": 90.04704491449979, "oracle_20_r1": 0.48043478260869565, "oracle_20_r2": 0.28273809523809523, "oracle_20_rl": 0.48043478260869565, "oracle_1_SELF_BLEU": 0, "oracle_1_r1": 0.5217391304347826, "oracle_1_r2": 0.380952380952381, "oracle_1_rl": 0.5217391304347826, "sample_SELF_BLEU": 100.00000000000004, "sample_r1": 0.48399665551839466, "sample_r2": 0.2879761904761905, "sample_rl": 0.48399665551839466, "buck_40_SELF_BLEU": 100.00000000000004, "buck_40_r1": 0.4685807150595883, "buck_40_r2": 0.25, "buck_40_rl": 0.4685807150595883, "buck_20_SELF_BLEU": 100.00000000000004, "buck_20_r1": 0.5217391304347826, "buck_20_r2": 0.380952380952381, "buck_20_rl": 0.5217391304347826, "buck_10_SELF_BLEU": 0, "buck_1000_SELF_BLEU": 0, "rand_walk_self_bleu": 88.328006620159, "rand_walk_self_edit": 6.933333333333334, "file": "sum_xsum_bs_16_35_False_0.4_False_False_4_5_zip_-1_0.0_0.9_32083717_The-musici"}