{"num_path": 20, "num_node": 132, "novel_1gram": 32, "novel_2gram": 47, "novel_3gram": 53, "degree": 0.9924242424242424, "ratio_10": 0.0, "ratio_20": 0.415, "ratio_40": 0.585, "ratio_1000": 0.0, "oracle_20_SELF_BLEU": 97.60465986550844, "oracle_20_r1": 0.45964455648666175, "oracle_20_r2": 0.14440390993521923, "oracle_20_rl": 0.353475577686104, "oracle_1_SELF_BLEU": 0, "oracle_1_r1": 0.4848484848484848, "oracle_1_r2": 0.1935483870967742, "oracle_1_rl": 0.3636363636363636, "sample_SELF_BLEU": 100.00000000000004, "sample_r1": 0.45977834493623965, "sample_r2": 0.14301094306312523, "sample_rl": 0.3532432170326907, "buck_40_SELF_BLEU": 100.00000000000004, "buck_40_r1": 0.4388633416973498, "buck_40_r2": 0.13386463386463385, "buck_40_rl": 0.3385911604535086, "buck_20_SELF_BLEU": 100.00000000000004, "buck_20_r1": 0.4892609398633495, "buck_20_r2": 0.15590393313810702, "buck_20_rl": 0.37389732088527267, "buck_10_SELF_BLEU": 0, "buck_1000_SELF_BLEU": 0, "rand_walk_self_bleu": 95.21233869657377, "rand_walk_self_edit": 18.266666666666666, "file": "sum_xsum_bs_16_35_False_0.4_False_False_4_5_zip_-1_0.0_0.9_33594654_Researcher"}