{"num_path": 20, "num_node": 239, "novel_1gram": 40, "novel_2gram": 59, "novel_3gram": 75, "degree": 0.99581589958159, "ratio_10": 0.0, "ratio_20": 0.0, "ratio_40": 1.0, "ratio_1000": 0.0, "oracle_20_SELF_BLEU": 97.1882490952066, "oracle_20_r1": 0.6180619077824507, "oracle_20_r2": 0.3970843554252516, "oracle_20_rl": 0.42120802174445443, "oracle_1_SELF_BLEU": 0, "oracle_1_r1": 0.6666666666666666, "oracle_1_r2": 0.5116279069767442, "oracle_1_rl": 0.5333333333333333, "sample_SELF_BLEU": 100.00000000000004, "sample_r1": 0.6227498100672595, "sample_r2": 0.4028273839194146, "sample_rl": 0.42833248714583827, "buck_40_SELF_BLEU": 100.00000000000004, "buck_40_r1": 0.6227498100672595, "buck_40_r2": 0.4028273839194146, "buck_40_rl": 0.42833248714583827, "buck_10_SELF_BLEU": 0, "buck_20_SELF_BLEU": 0, "buck_1000_SELF_BLEU": 0, "rand_walk_self_bleu": 89.69938154729678, "rand_walk_self_edit": 25, "file": "sum_xsum_bs_16_35_False_0.4_False_False_4_5_zip_-1_0.0_0.9_34051870_The-photos"}