{"num_path": 20, "num_node": 117, "novel_1gram": 69, "novel_2gram": 92, "novel_3gram": 98, "degree": 0.9914529914529915, "ratio_10": 0.0, "ratio_20": 0.14, "ratio_40": 0.86, "ratio_1000": 0.0, "oracle_20_SELF_BLEU": 93.18858127126138, "oracle_20_r1": 0.21701310661843476, "oracle_20_r2": 0.0047619047619047615, "oracle_20_rl": 0.16895845754279876, "oracle_1_SELF_BLEU": 0, "oracle_1_r1": 0.2727272727272727, "oracle_1_r2": 0.047619047619047616, "oracle_1_rl": 0.18181818181818182, "sample_SELF_BLEU": 100.00000000000004, "sample_r1": 0.2098347199248339, "sample_r2": 0.0047619047619047615, "sample_rl": 0.16455671092305862, "buck_40_SELF_BLEU": 100.00000000000004, "buck_40_r1": 0.23349123472129973, "buck_40_r2": 0.005537098560354374, "buck_40_rl": 0.18084238704481684, "buck_20_SELF_BLEU": 100.00000000000004, "buck_20_r1": 0.06451612903225808, "buck_20_r2": 0.0, "buck_20_rl": 0.06451612903225808, "buck_10_SELF_BLEU": 0, "buck_1000_SELF_BLEU": 0, "rand_walk_self_bleu": 83.87932793143388, "rand_walk_self_edit": 65.93333333333334, "file": "sum_xsum_bs_16_35_False_0.4_False_False_4_5_zip_-1_0.0_0.9_39072865_It-is-the-"}