{"num_path": 20, "num_node": 142, "novel_1gram": 36, "novel_2gram": 45, "novel_3gram": 51, "degree": 0.9929577464788732, "ratio_10": 0.0, "ratio_20": 0.0, "ratio_40": 1.0, "ratio_1000": 0.0, "oracle_20_SELF_BLEU": 99.77721396102187, "oracle_20_r1": 0.4831591173054588, "oracle_20_r2": 0.25384615384615383, "oracle_20_rl": 0.4831591173054588, "oracle_1_SELF_BLEU": 0, "oracle_1_r1": 0.48780487804878053, "oracle_1_r2": 0.2564102564102564, "oracle_1_rl": 0.48780487804878053, "sample_SELF_BLEU": 100.00000000000004, "sample_r1": 0.4821718931475029, "sample_r2": 0.25330128205128205, "sample_rl": 0.4821718931475029, "buck_40_SELF_BLEU": 100.00000000000004, "buck_40_r1": 0.4821718931475029, "buck_40_r2": 0.25330128205128205, "buck_40_rl": 0.4821718931475029, "buck_10_SELF_BLEU": 0, "buck_20_SELF_BLEU": 0, "buck_1000_SELF_BLEU": 0, "rand_walk_self_bleu": 96.73494204925834, "rand_walk_self_edit": 10.266666666666667, "file": "sum_xsum_bs_16_35_False_0.4_False_False_4_5_zip_-1_0.0_0.9_36986643_Striker-Em"}