{"num_path": 20, "num_node": 186, "novel_1gram": 48, "novel_2gram": 62, "novel_3gram": 68, "degree": 0.9946236559139785, "ratio_10": 0.0, "ratio_20": 0.0, "ratio_40": 1.0, "ratio_1000": 0.0, "oracle_20_SELF_BLEU": 96.38674984465815, "oracle_20_r1": 0.41497617686296934, "oracle_20_r2": 0.1801616437576482, "oracle_20_rl": 0.35058763738009024, "oracle_1_SELF_BLEU": 0, "oracle_1_r1": 0.4444444444444445, "oracle_1_r2": 0.23076923076923075, "oracle_1_rl": 0.3703703703703704, "sample_SELF_BLEU": 100.00000000000004, "sample_r1": 0.4151957308938441, "sample_r2": 0.1808312700987507, "sample_rl": 0.3513320627660251, "buck_40_SELF_BLEU": 100.00000000000004, "buck_40_r1": 0.4151957308938441, "buck_40_r2": 0.1808312700987507, "buck_40_rl": 0.3513320627660251, "buck_10_SELF_BLEU": 0, "buck_20_SELF_BLEU": 0, "buck_1000_SELF_BLEU": 0, "rand_walk_self_bleu": 99.45280350223061, "rand_walk_self_edit": 52, "file": "sum_xsum_bs_16_35_False_0.4_False_False_4_5_zip_-1_0.0_0.9_32963741_Paul-Thoma"}