{"num_path": 20, "num_node": 123, "novel_1gram": 36, "novel_2gram": 61, "novel_3gram": 74, "degree": 0.991869918699187, "ratio_10": 0.0, "ratio_20": 0.475, "ratio_40": 0.525, "ratio_1000": 0.0, "oracle_20_SELF_BLEU": 96.15113130947363, "oracle_20_r1": 0.39001071681865307, "oracle_20_r2": 0.16661645559671875, "oracle_20_rl": 0.26495036584659404, "oracle_1_SELF_BLEU": 0, "oracle_1_r1": 0.5, "oracle_1_r2": 0.26666666666666666, "oracle_1_rl": 0.43749999999999994, "sample_SELF_BLEU": 100.00000000000004, "sample_r1": 0.3931199356147253, "sample_r2": 0.16764098916730497, "sample_rl": 0.2692152387350794, "buck_40_SELF_BLEU": 100.00000000000004, "buck_40_r1": 0.3688966318234611, "buck_40_r2": 0.15174860227491807, "buck_40_rl": 0.22648913223826114, "buck_20_SELF_BLEU": 100.00000000000004, "buck_20_r1": 0.41989306085770156, "buck_20_r2": 0.1852062588904694, "buck_20_rl": 0.3164388301262996, "buck_10_SELF_BLEU": 0, "buck_1000_SELF_BLEU": 0, "rand_walk_self_bleu": 85.61646472574543, "rand_walk_self_edit": 52, "file": "sum_xsum_bs_16_35_False_0.4_False_False_4_5_zip_-1_0.0_0.9_17745366_The-transi"}