{"num_path": 20, "num_node": 111, "novel_1gram": 38, "novel_2gram": 52, "novel_3gram": 60, "degree": 0.990990990990991, "ratio_10": 0.0, "ratio_20": 0.07, "ratio_40": 0.93, "ratio_1000": 0.0, "oracle_20_SELF_BLEU": 97.12067788522624, "oracle_20_r1": 0.44142112254634575, "oracle_20_r2": 0.12601601728398937, "oracle_20_rl": 0.30847471743226645, "oracle_1_SELF_BLEU": 0, "oracle_1_r1": 0.4583333333333333, "oracle_1_r2": 0.17391304347826086, "oracle_1_rl": 0.2916666666666667, "sample_SELF_BLEU": 100.00000000000004, "sample_r1": 0.4391873825328126, "sample_r2": 0.12537752378902592, "sample_rl": 0.3098881309545773, "buck_40_SELF_BLEU": 100.00000000000004, "buck_40_r1": 0.4435706622216623, "buck_40_r2": 0.1272876599881999, "buck_40_rl": 0.30812343830241284, "buck_20_SELF_BLEU": 100.00000000000004, "buck_20_r1": 0.38095238095238104, "buck_20_r2": 0.1, "buck_20_rl": 0.3333333333333333, "buck_10_SELF_BLEU": 0, "buck_1000_SELF_BLEU": 0, "rand_walk_self_bleu": 91.12534211478028, "rand_walk_self_edit": 30.333333333333332, "file": "sum_xsum_bs_16_35_False_0.4_False_False_4_5_zip_-1_0.0_0.9_36588482_Ian-\"Jacko"}