{"num_path": 20, "num_node": 152, "novel_1gram": 48, "novel_2gram": 78, "novel_3gram": 87, "degree": 0.993421052631579, "ratio_10": 0.0, "ratio_20": 0.285, "ratio_40": 0.715, "ratio_1000": 0.0, "oracle_20_SELF_BLEU": 93.79329655420271, "oracle_20_r1": 0.482260652528415, "oracle_20_r2": 0.22391928944578998, "oracle_20_rl": 0.4219176601255074, "oracle_1_SELF_BLEU": 0, "oracle_1_r1": 0.55, "oracle_1_r2": 0.3157894736842105, "oracle_1_rl": 0.5, "sample_SELF_BLEU": 100.00000000000004, "sample_r1": 0.48203595236309976, "sample_r2": 0.2278292478714663, "sample_rl": 0.42312723562325893, "buck_20_SELF_BLEU": 100.00000000000004, "buck_20_r1": 0.4926353824941758, "buck_20_r2": 0.26189591292986253, "buck_20_rl": 0.42678885560785434, "buck_40_SELF_BLEU": 100.00000000000004, "buck_40_r1": 0.47781100468847504, "buck_40_r2": 0.21425022753350415, "buck_40_rl": 0.42166770877625237, "buck_10_SELF_BLEU": 0, "buck_1000_SELF_BLEU": 0, "rand_walk_self_bleu": 77.53902545753228, "rand_walk_self_edit": 65.33333333333333, "file": "sum_xsum_bs_16_35_False_0.4_False_False_4_5_zip_-1_0.0_0.9_37134709_AFB-was-co"}