{"num_path": 20, "num_node": 154, "novel_1gram": 54, "novel_2gram": 83, "novel_3gram": 98, "degree": 0.9935064935064936, "ratio_10": 0.0, "ratio_20": 0.0, "ratio_40": 1.0, "ratio_1000": 0.0, "oracle_20_SELF_BLEU": 94.72571483701574, "oracle_20_r1": 0.2541296885788411, "oracle_20_r2": 0.0, "oracle_20_rl": 0.1895604865943849, "oracle_1_SELF_BLEU": 0, "oracle_1_r1": 0.26666666666666666, "oracle_1_r2": 0.0, "oracle_1_rl": 0.16666666666666666, "sample_SELF_BLEU": 100.00000000000004, "sample_r1": 0.25362157193089396, "sample_r2": 0.0, "sample_rl": 0.1914420838695203, "buck_40_SELF_BLEU": 100.00000000000004, "buck_40_r1": 0.25362157193089396, "buck_40_r2": 0.0, "buck_40_rl": 0.1914420838695203, "buck_10_SELF_BLEU": 0, "buck_20_SELF_BLEU": 0, "buck_1000_SELF_BLEU": 0, "rand_walk_self_bleu": 86.15323176731948, "rand_walk_self_edit": 42.46666666666667, "file": "sum_xsum_bs_16_35_False_0.4_False_False_4_5_zip_-1_0.0_0.9_37472975_Government"}