{"num_path": 20, "num_node": 157, "novel_1gram": 38, "novel_2gram": 65, "novel_3gram": 81, "degree": 0.9936305732484076, "ratio_10": 0.0, "ratio_20": 1.0, "ratio_40": 0.0, "ratio_1000": 0.0, "oracle_20_SELF_BLEU": 93.69157256233504, "oracle_20_r1": 0.46510273025289706, "oracle_20_r2": 0.2734210629727871, "oracle_20_rl": 0.44807561017238434, "oracle_1_SELF_BLEU": 0, "oracle_1_r1": 0.8571428571428571, "oracle_1_r2": 0.7692307692307693, "oracle_1_rl": 0.8571428571428571, "sample_SELF_BLEU": 100.00000000000004, "sample_r1": 0.4597666189946501, "sample_r2": 0.2667692784865199, "sample_rl": 0.4427165104083902, "buck_20_SELF_BLEU": 100.00000000000004, "buck_20_r1": 0.4597666189946501, "buck_20_r2": 0.2667692784865199, "buck_20_rl": 0.4427165104083902, "buck_10_SELF_BLEU": 0, "buck_40_SELF_BLEU": 0, "buck_1000_SELF_BLEU": 0, "rand_walk_self_bleu": 80.78080754131874, "rand_walk_self_edit": 33.93333333333333, "file": "sum_xsum_bs_16_35_False_0.4_False_False_4_5_zip_-1_0.0_0.9_32860648_The-49-yea"}