{"num_path": 20, "num_node": 209, "novel_1gram": 49, "novel_2gram": 77, "novel_3gram": 94, "degree": 0.9952153110047847, "ratio_10": 0.0, "ratio_20": 0.41, "ratio_40": 0.59, "ratio_1000": 0.0, "oracle_20_SELF_BLEU": 89.24722476107915, "oracle_20_r1": 0.6131567542579778, "oracle_20_r2": 0.23796728875705517, "oracle_20_rl": 0.38610402852616427, "oracle_1_SELF_BLEU": 0, "oracle_1_r1": 0.7586206896551724, "oracle_1_r2": 0.4444444444444445, "oracle_1_rl": 0.4827586206896552, "sample_SELF_BLEU": 99.90980949787915, "sample_r1": 0.6180486299712523, "sample_r2": 0.24513484118155976, "sample_rl": 0.3920452905224179, "buck_40_SELF_BLEU": 99.63583239528865, "buck_40_r1": 0.6257315845717978, "buck_40_r2": 0.21585942949793557, "buck_40_rl": 0.38227597875971303, "buck_20_SELF_BLEU": 100.00000000000004, "buck_20_r1": 0.6069926709119308, "buck_20_r2": 0.2872628726287263, "buck_20_rl": 0.40610356842484685, "buck_10_SELF_BLEU": 0, "buck_1000_SELF_BLEU": 0, "rand_walk_self_bleu": 75.80814734664011, "rand_walk_self_edit": 55.6, "file": "sum_xsum_bs_16_35_False_0.4_False_False_4_5_zip_-1_0.0_0.9_40908381_Dave-Tarpe"}