{"num_path": 20, "num_node": 134, "novel_1gram": 34, "novel_2gram": 63, "novel_3gram": 82, "degree": 0.9925373134328358, "ratio_10": 0.0, "ratio_20": 0.0, "ratio_40": 1.0, "ratio_1000": 0.0, "oracle_20_SELF_BLEU": 95.56213885533965, "oracle_20_r1": 0.6785068792995622, "oracle_20_r2": 0.4055677134624503, "oracle_20_rl": 0.4352251407129456, "oracle_1_SELF_BLEU": 0, "oracle_1_r1": 0.8205128205128205, "oracle_1_r2": 0.5945945945945946, "oracle_1_rl": 0.5641025641025642, "sample_SELF_BLEU": 100.00000000000004, "sample_r1": 0.6816292995622264, "sample_r2": 0.4059185906554328, "sample_rl": 0.43557270168855533, "buck_40_SELF_BLEU": 100.00000000000004, "buck_40_r1": 0.6816292995622264, "buck_40_r2": 0.4059185906554328, "buck_40_rl": 0.43557270168855533, "buck_10_SELF_BLEU": 0, "buck_20_SELF_BLEU": 0, "buck_1000_SELF_BLEU": 0, "rand_walk_self_bleu": 83.76979395666993, "rand_walk_self_edit": 46.93333333333333, "file": "sum_xsum_bs_16_35_False_0.4_False_False_4_5_zip_-1_0.0_0.9_38844702_Matthew-Ge"}