{"num_path": 20, "num_node": 125, "novel_1gram": 41, "novel_2gram": 53, "novel_3gram": 59, "degree": 0.992, "ratio_10": 0.0, "ratio_20": 0.23, "ratio_40": 0.77, "ratio_1000": 0.0, "oracle_20_SELF_BLEU": 95.50258680522566, "oracle_20_r1": 0.32186911869668033, "oracle_20_r2": 0.06816393923095815, "oracle_20_rl": 0.19135676533565527, "oracle_1_SELF_BLEU": 0, "oracle_1_r1": 0.3703703703703703, "oracle_1_r2": 0.08, "oracle_1_rl": 0.2222222222222222, "sample_SELF_BLEU": 100.00000000000004, "sample_r1": 0.31966393457024384, "sample_r2": 0.06759090547939269, "sample_rl": 0.18985718427155807, "buck_40_SELF_BLEU": 100.00000000000004, "buck_40_r1": 0.30876096773020056, "buck_40_r2": 0.06486759524225395, "buck_40_rl": 0.182735572234759, "buck_20_SELF_BLEU": 100.00000000000004, "buck_20_r1": 0.35616517138256265, "buck_20_r2": 0.0767080745341615, "buck_20_rl": 0.2136991028295376, "buck_10_SELF_BLEU": 0, "buck_1000_SELF_BLEU": 0, "rand_walk_self_bleu": 88.11997410527603, "rand_walk_self_edit": 30.333333333333332, "file": "sum_xsum_bs_16_35_False_0.4_False_False_4_5_zip_-1_0.0_0.9_29507419_Cornwall-C"}