{"num_path": 20, "num_node": 144, "novel_1gram": 51, "novel_2gram": 88, "novel_3gram": 100, "degree": 0.9930555555555556, "ratio_10": 0.0, "ratio_20": 0.3, "ratio_40": 0.7, "ratio_1000": 0.0, "oracle_20_SELF_BLEU": 86.00036284921707, "oracle_20_r1": 0.23472197759599137, "oracle_20_r2": 0.0675625018323196, "oracle_20_rl": 0.18032217016019322, "oracle_1_SELF_BLEU": 0, "oracle_1_r1": 0.27027027027027023, "oracle_1_r2": 0.11428571428571428, "oracle_1_rl": 0.21621621621621623, "sample_SELF_BLEU": 100.00000000000004, "sample_r1": 0.2354947416074451, "sample_r2": 0.0686706412381877, "sample_rl": 0.18046524349629062, "buck_40_SELF_BLEU": 100.00000000000004, "buck_40_r1": 0.23286668754382156, "buck_40_r2": 0.06828712504657883, "buck_40_rl": 0.1742044175148996, "buck_20_SELF_BLEU": 100.00000000000004, "buck_20_r1": 0.2416268677559, "buck_20_r2": 0.06956551235194172, "buck_20_rl": 0.19507383745286971, "buck_10_SELF_BLEU": 0, "buck_1000_SELF_BLEU": 0, "rand_walk_self_bleu": 68.80427774127328, "rand_walk_self_edit": 49.46666666666667, "file": "sum_xsum_bs_16_35_False_0.4_False_False_4_5_zip_-1_0.0_0.9_38838606_Only-Itali"}