{"num_path": 20, "num_node": 130, "novel_1gram": 38, "novel_2gram": 61, "novel_3gram": 71, "degree": 0.9923076923076923, "ratio_10": 0.0, "ratio_20": 0.845, "ratio_40": 0.155, "ratio_1000": 0.0, "oracle_20_SELF_BLEU": 94.14356825708228, "oracle_20_r1": 0.44966439783777246, "oracle_20_r2": 0.07869388152476388, "oracle_20_rl": 0.3425098828968798, "oracle_1_SELF_BLEU": 0, "oracle_1_r1": 0.4444444444444445, "oracle_1_r2": 0.17647058823529413, "oracle_1_rl": 0.38888888888888884, "sample_SELF_BLEU": 100.00000000000004, "sample_r1": 0.44769012264058705, "sample_r2": 0.07875546688781983, "sample_rl": 0.3404239299688216, "buck_20_SELF_BLEU": 100.00000000000004, "buck_20_r1": 0.4461613750968359, "buck_20_r2": 0.06260936147813975, "buck_20_rl": 0.32887877212716454, "buck_40_SELF_BLEU": 100.00000000000004, "buck_40_r1": 0.4560242624758754, "buck_40_r2": 0.1667777834760757, "buck_40_rl": 0.40336366142817753, "buck_10_SELF_BLEU": 0, "buck_1000_SELF_BLEU": 0, "rand_walk_self_bleu": 90.32010169770736, "rand_walk_self_edit": 12.733333333333333, "file": "sum_xsum_bs_16_35_False_0.4_False_False_4_5_zip_-1_0.0_0.9_37329266_The-conser"}