{"num_path": 20, "num_node": 198, "novel_1gram": 42, "novel_2gram": 55, "novel_3gram": 62, "degree": 0.9949494949494949, "ratio_10": 0.0, "ratio_20": 0.0, "ratio_40": 1.0, "ratio_1000": 0.0, "oracle_20_SELF_BLEU": 96.58576594915209, "oracle_20_r1": 0.3226028603403443, "oracle_20_r2": 0.1729368943842628, "oracle_20_rl": 0.28299906661588303, "oracle_1_SELF_BLEU": 0, "oracle_1_r1": 0.3902439024390244, "oracle_1_r2": 0.25641025641025644, "oracle_1_rl": 0.3902439024390244, "sample_SELF_BLEU": 100.00000000000004, "sample_r1": 0.32464137477840943, "sample_r2": 0.17154316360895308, "sample_rl": 0.28329469546285974, "buck_40_SELF_BLEU": 100.00000000000004, "buck_40_r1": 0.32464137477840943, "buck_40_r2": 0.17154316360895308, "buck_40_rl": 0.28329469546285974, "buck_10_SELF_BLEU": 0, "buck_20_SELF_BLEU": 0, "buck_1000_SELF_BLEU": 0, "rand_walk_self_bleu": 94.79903232253649, "rand_walk_self_edit": 18.333333333333332, "file": "sum_xsum_bs_16_35_False_0.4_False_False_4_5_zip_-1_0.0_0.9_38721046_The-money-"}