{"num_path": 20, "num_node": 102, "novel_1gram": 38, "novel_2gram": 55, "novel_3gram": 60, "degree": 0.9901960784313726, "ratio_10": 0.0, "ratio_20": 0.245, "ratio_40": 0.755, "ratio_1000": 0.0, "oracle_20_SELF_BLEU": 95.6305416142207, "oracle_20_r1": 0.49424389462027163, "oracle_20_r2": 0.2214238129997399, "oracle_20_rl": 0.4116973149929086, "oracle_1_SELF_BLEU": 0, "oracle_1_r1": 0.5714285714285715, "oracle_1_r2": 0.35000000000000003, "oracle_1_rl": 0.5238095238095238, "sample_SELF_BLEU": 100.00000000000004, "sample_r1": 0.49392680829981933, "sample_r2": 0.22549089036556, "sample_rl": 0.41306664432398826, "buck_40_SELF_BLEU": 100.00000000000004, "buck_40_r1": 0.5067695613591193, "buck_40_r2": 0.23284946739324486, "buck_40_rl": 0.4264698979853762, "buck_20_SELF_BLEU": 100.00000000000004, "buck_20_r1": 0.45435016111707843, "buck_20_r2": 0.20281445911698012, "buck_20_rl": 0.3717627401837928, "buck_10_SELF_BLEU": 0, "buck_1000_SELF_BLEU": 0, "rand_walk_self_bleu": 89.59351133203295, "rand_walk_self_edit": 24.066666666666666, "file": "sum_xsum_bs_16_35_False_0.4_False_False_4_5_zip_-1_0.0_0.9_36033395_East-Linds"}