{"num_path": 20, "num_node": 116, "novel_1gram": 52, "novel_2gram": 71, "novel_3gram": 81, "degree": 0.9913793103448276, "ratio_10": 0.0, "ratio_20": 0.24, "ratio_40": 0.76, "ratio_1000": 0.0, "oracle_20_SELF_BLEU": 92.51212540678061, "oracle_20_r1": 0.27930196263782603, "oracle_20_r2": 0.06237851328346522, "oracle_20_rl": 0.2647594789776953, "oracle_1_SELF_BLEU": 0, "oracle_1_r1": 0.32, "oracle_1_r2": 0.08695652173913045, "oracle_1_rl": 0.32, "sample_SELF_BLEU": 100.00000000000004, "sample_r1": 0.27710042445431443, "sample_r2": 0.0640389987158827, "sample_rl": 0.2660056532124843, "buck_40_SELF_BLEU": 100.00000000000004, "buck_40_r1": 0.28173067472603075, "buck_40_r2": 0.05988176071864152, "buck_40_rl": 0.2671322915130965, "buck_20_SELF_BLEU": 100.00000000000004, "buck_20_r1": 0.2624379652605459, "buck_20_r2": 0.07720358570714643, "buck_20_rl": 0.2624379652605459, "buck_10_SELF_BLEU": 0, "buck_1000_SELF_BLEU": 0, "rand_walk_self_bleu": 85.8844003985416, "rand_walk_self_edit": 42.333333333333336, "file": "sum_xsum_bs_16_35_False_0.4_False_False_4_5_zip_-1_0.0_0.9_36784182_The-Dow-Jo"}