{"num_path": 20, "num_node": 188, "novel_1gram": 41, "novel_2gram": 59, "novel_3gram": 67, "degree": 0.9946808510638298, "ratio_10": 0.0, "ratio_20": 0.0, "ratio_40": 1.0, "ratio_1000": 0.0, "oracle_20_SELF_BLEU": 97.45737917309823, "oracle_20_r1": 0.36007117215211126, "oracle_20_r2": 0.049832430657579176, "oracle_20_rl": 0.27174529830600264, "oracle_1_SELF_BLEU": 0, "oracle_1_r1": 0.36363636363636365, "oracle_1_r2": 0.09523809523809523, "oracle_1_rl": 0.2727272727272727, "sample_SELF_BLEU": 100.00000000000004, "sample_r1": 0.3627008839037742, "sample_r2": 0.04922996294984831, "sample_rl": 0.2732630366652044, "buck_40_SELF_BLEU": 100.00000000000004, "buck_40_r1": 0.3627008839037742, "buck_40_r2": 0.04922996294984831, "buck_40_rl": 0.2732630366652044, "buck_10_SELF_BLEU": 0, "buck_20_SELF_BLEU": 0, "buck_1000_SELF_BLEU": 0, "rand_walk_self_bleu": 100.00000000000004, "rand_walk_self_edit": 5.333333333333333, "file": "sum_xsum_bs_16_35_False_0.4_False_False_4_5_zip_-1_0.0_0.9_35994279_Three-sepa"}