{"num_path": 20, "num_node": 137, "novel_1gram": 51, "novel_2gram": 67, "novel_3gram": 73, "degree": 0.9927007299270073, "ratio_10": 0.0, "ratio_20": 0.0, "ratio_40": 1.0, "ratio_1000": 0.0, "oracle_20_SELF_BLEU": 95.35383746265059, "oracle_20_r1": 0.5273472978173621, "oracle_20_r2": 0.2473775761013424, "oracle_20_rl": 0.4393699488701963, "oracle_1_SELF_BLEU": 0, "oracle_1_r1": 0.5333333333333332, "oracle_1_r2": 0.27906976744186046, "oracle_1_rl": 0.4444444444444445, "sample_SELF_BLEU": 100.00000000000004, "sample_r1": 0.5235344438946616, "sample_r2": 0.24731140102098695, "sample_rl": 0.437372587827808, "buck_40_SELF_BLEU": 100.00000000000004, "buck_40_r1": 0.5235344438946616, "buck_40_r2": 0.24731140102098695, "buck_40_rl": 0.437372587827808, "buck_10_SELF_BLEU": 0, "buck_20_SELF_BLEU": 0, "buck_1000_SELF_BLEU": 0, "rand_walk_self_bleu": 95.08785174782597, "rand_walk_self_edit": 10.6, "file": "sum_xsum_bs_16_35_False_0.4_False_False_4_5_zip_-1_0.0_0.9_31067802_There's-no"}