{"num_path": 20, "num_node": 208, "novel_1gram": 43, "novel_2gram": 61, "novel_3gram": 75, "degree": 0.9951923076923077, "ratio_10": 0.0, "ratio_20": 0.0, "ratio_40": 1.0, "ratio_1000": 0.0, "oracle_20_SELF_BLEU": 97.09697782486263, "oracle_20_r1": 0.15940831477156583, "oracle_20_r2": 0.07812825810982361, "oracle_20_rl": 0.13700505660512544, "oracle_1_SELF_BLEU": 0, "oracle_1_r1": 0.28571428571428564, "oracle_1_r2": 0.15, "oracle_1_rl": 0.1904761904761905, "sample_SELF_BLEU": 100.00000000000004, "sample_r1": 0.1588165200366973, "sample_r2": 0.07530340599087053, "sample_rl": 0.13740999943221185, "buck_40_SELF_BLEU": 100.00000000000004, "buck_40_r1": 0.1588165200366973, "buck_40_r2": 0.07530340599087053, "buck_40_rl": 0.13740999943221185, "buck_10_SELF_BLEU": 0, "buck_20_SELF_BLEU": 0, "buck_1000_SELF_BLEU": 0, "rand_walk_self_bleu": 89.85387143391823, "rand_walk_self_edit": 48.86666666666667, "file": "sum_xsum_bs_16_35_False_0.4_False_False_4_5_zip_-1_0.0_0.9_35919641_29-March-2"}