{"num_path": 20, "num_node": 179, "novel_1gram": 48, "novel_2gram": 66, "novel_3gram": 75, "degree": 0.994413407821229, "ratio_10": 0.0, "ratio_20": 0.0, "ratio_40": 1.0, "ratio_1000": 0.0, "oracle_20_SELF_BLEU": 97.67941552180848, "oracle_20_r1": 0.1935659305967222, "oracle_20_r2": 0.0374100977396537, "oracle_20_rl": 0.14129456537471602, "oracle_1_SELF_BLEU": 0, "oracle_1_r1": 0.2553191489361702, "oracle_1_r2": 0.08888888888888888, "oracle_1_rl": 0.2127659574468085, "sample_SELF_BLEU": 100.00000000000004, "sample_r1": 0.18888908921570477, "sample_r2": 0.035981971659238075, "sample_rl": 0.13801764947422077, "buck_40_SELF_BLEU": 100.00000000000004, "buck_40_r1": 0.18888908921570477, "buck_40_r2": 0.035981971659238075, "buck_40_rl": 0.13801764947422077, "buck_10_SELF_BLEU": 0, "buck_20_SELF_BLEU": 0, "buck_1000_SELF_BLEU": 0, "rand_walk_self_bleu": 88.86501599984398, "rand_walk_self_edit": 42.333333333333336, "file": "sum_xsum_bs_16_35_False_0.4_False_False_4_5_zip_-1_0.0_0.9_40849171_Suleiman-A"}