{"num_path": 20, "num_node": 187, "novel_1gram": 51, "novel_2gram": 86, "novel_3gram": 102, "degree": 0.9946524064171123, "ratio_10": 0.0, "ratio_20": 0.3, "ratio_40": 0.7, "ratio_1000": 0.0, "oracle_20_SELF_BLEU": 85.83418244588128, "oracle_20_r1": 0.564025365735892, "oracle_20_r2": 0.38754160291311995, "oracle_20_rl": 0.5230887762948097, "oracle_1_SELF_BLEU": 0, "oracle_1_r1": 0.7500000000000001, "oracle_1_r2": 0.4736842105263158, "oracle_1_rl": 0.7500000000000001, "sample_SELF_BLEU": 100.00000000000004, "sample_r1": 0.5555353993874533, "sample_r2": 0.38625097699555905, "sample_rl": 0.5216235669608583, "buck_40_SELF_BLEU": 100.00000000000004, "buck_40_r1": 0.5929190512791283, "buck_40_r2": 0.41487598190605707, "buck_40_rl": 0.5537479528012262, "buck_20_SELF_BLEU": 100.00000000000004, "buck_20_r1": 0.4683068783068783, "buck_20_r2": 0.31945929887106356, "buck_20_rl": 0.44666666666666666, "buck_10_SELF_BLEU": 0, "buck_1000_SELF_BLEU": 0, "rand_walk_self_bleu": 90.97430862524665, "rand_walk_self_edit": 47.2, "file": "sum_xsum_bs_16_35_False_0.4_False_False_4_5_zip_-1_0.0_0.9_40134723_The-former"}